pond,end_timestamp,do_ops_thr,y_true_h1,y_true_h2,y_true_h3,y_true_h4,y_pred_h1,y_pred_h2,y_pred_h3,y_pred_h4
Catfish,2026-01-12 22:15:00,2.0,4.6,4.38,4.37,4.16,4.189779,4.171659,4.3088603,4.195182
Catfish,2026-01-12 22:30:00,2.0,4.38,4.37,4.16,4.51,4.192169,4.1782417,4.279546,4.1889563
Catfish,2026-01-12 22:45:00,2.0,4.37,4.16,4.51,4.5,4.2222843,4.209147,4.337442,4.2305136
Catfish,2026-01-12 23:00:00,2.0,4.16,4.51,4.5,4.21,4.2298183,4.217187,4.3260446,4.223362
Catfish,2026-01-12 23:15:00,2.0,4.51,4.5,4.21,4.34,4.190852,4.170243,4.2961707,4.200838
Catfish,2026-01-12 23:30:00,2.0,4.5,4.21,4.34,4.43,4.2224803,4.1903543,4.330462,4.2296457
Catfish,2026-01-12 23:45:00,2.0,4.21,4.34,4.43,4.15,4.224466,4.1855507,4.310913,4.244111
Catfish,2026-01-13 00:00:00,2.0,4.34,4.43,4.15,4.39,4.2297683,4.187539,4.3060303,4.2520337
Catfish,2026-01-13 00:15:00,2.0,4.43,4.15,4.39,4.36,4.246114,4.2251773,4.366218,4.280995
Catfish,2026-01-13 00:30:00,2.0,4.15,4.39,4.36,4.31,4.2629027,4.258472,4.374486,4.3121977
Catfish,2026-01-13 00:45:00,2.0,4.39,4.36,4.31,4.46,4.24521,4.23587,4.3542676,4.28947
Catfish,2026-01-13 01:00:00,2.0,4.36,4.31,4.46,3.59,4.2626166,4.2622876,4.40346,4.3209286
Catfish,2026-01-13 01:15:00,2.0,4.31,4.46,3.59,3.82,4.2399554,4.2397184,4.3623366,4.309017
Catfish,2026-01-13 01:30:00,2.0,4.46,3.59,3.82,4.06,4.2455235,4.2346807,4.356389,4.2886243
Catfish,2026-01-13 01:45:00,2.0,3.59,3.82,4.06,4.7,4.235182,4.223614,4.3608656,4.2811856
Catfish,2026-01-13 02:00:00,2.0,3.82,4.06,4.7,4.32,4.1921625,4.169883,4.3502116,4.2552643
Catfish,2026-01-13 02:15:00,2.0,4.06,4.7,4.32,4.56,4.1720304,4.1500793,4.335906,4.2445726
Catfish,2026-01-13 02:30:00,2.0,4.7,4.32,4.56,4.02,4.1744504,4.157567,4.3596406,4.2581005
Catfish,2026-01-13 02:45:00,2.0,4.32,4.56,4.02,4.05,4.165288,4.160653,4.3590813,4.249259
Catfish,2026-01-13 03:00:00,2.0,4.56,4.02,4.05,4.09,4.1392198,4.122457,4.315047,4.21861
Catfish,2026-01-13 03:15:00,2.0,4.02,4.05,4.09,4.9,4.2213483,4.192596,4.3675866,4.3040285
Catfish,2026-01-13 03:30:00,2.0,4.05,4.09,4.9,4.36,4.2529736,4.2278175,4.4000545,4.3571672
Catfish,2026-01-13 03:45:00,2.0,4.09,4.9,4.36,4.49,4.296903,4.279267,4.4405184,4.402297
Catfish,2026-01-13 04:00:00,2.0,4.9,4.36,4.49,4.38,4.331374,4.322667,4.5175653,4.4463
Catfish,2026-01-13 04:15:00,2.0,4.36,4.49,4.38,4.39,4.375367,4.386281,4.589358,4.4988627
Catfish,2026-01-13 04:30:00,2.0,4.49,4.38,4.39,4.31,4.3375597,4.3468413,4.5144224,4.4496922
Catfish,2026-01-13 04:45:00,2.0,4.38,4.39,4.31,4.71,4.3789124,4.3832293,4.555837,4.4556255
Catfish,2026-01-13 05:00:00,2.0,4.39,4.31,4.71,4.32,4.4051085,4.3973074,4.6043324,4.503372
Catfish,2026-01-13 05:15:00,2.0,4.31,4.71,4.32,4.33,4.37921,4.375676,4.542128,4.4802046
Catfish,2026-01-13 05:30:00,2.0,4.71,4.32,4.33,4.72,4.4002705,4.3969607,4.5579004,4.4951925
Catfish,2026-01-13 05:45:00,2.0,4.32,4.33,4.72,4.77,4.458378,4.45411,4.614359,4.5550365
Catfish,2026-01-13 06:00:00,2.0,4.33,4.72,4.77,4.41,4.5162597,4.536051,4.696738,4.6429167
Catfish,2026-01-13 06:15:00,2.0,4.72,4.77,4.41,4.74,4.5308094,4.542515,4.689719,4.6512113
Catfish,2026-01-13 06:30:00,2.0,4.77,4.41,4.74,4.73,4.5509653,4.589044,4.7466655,4.6827374
Catfish,2026-01-13 06:45:00,2.0,4.41,4.74,4.73,4.9,4.561929,4.5947647,4.7393894,4.6931667
Catfish,2026-01-13 07:00:00,2.0,4.74,4.73,4.9,5.17,4.5666294,4.596882,4.7268248,4.703951
Catfish,2026-01-13 07:15:00,2.0,4.73,4.9,5.17,4.84,4.618179,4.647947,4.8092904,4.741417
Catfish,2026-01-13 07:30:00,2.0,4.9,5.17,4.84,4.77,4.607774,4.635585,4.76634,4.726695
Catfish,2026-01-13 07:45:00,2.0,5.17,4.84,4.77,5.26,4.6621428,4.671658,4.813992,4.763429
Catfish,2026-01-13 08:00:00,2.0,4.84,4.77,5.26,4.89,4.7044525,4.718595,4.863852,4.80511
Catfish,2026-01-13 08:15:00,2.0,4.77,5.26,4.89,4.87,4.7660747,4.7770305,4.932417,4.881269
Catfish,2026-01-13 08:30:00,2.0,5.26,4.89,4.87,4.73,4.8116474,4.8187823,4.9739547,4.906719
Catfish,2026-01-13 08:45:00,2.0,4.89,4.87,4.73,4.65,4.85968,4.852586,5.010963,4.910871
Catfish,2026-01-13 09:00:00,2.0,4.87,4.73,4.65,5.13,4.876527,4.8726726,5.0232387,4.94421
Catfish,2026-01-13 09:15:00,2.0,4.73,4.65,5.13,5.01,4.8907323,4.877275,5.027885,4.963402
Catfish,2026-01-13 09:30:00,2.0,4.65,5.13,5.01,5.21,4.852392,4.830465,4.9801745,4.907884
Catfish,2026-01-13 09:45:00,2.0,5.13,5.01,5.21,5.09,4.864642,4.860589,5.0074844,4.9286356
Catfish,2026-01-13 10:00:00,2.0,5.01,5.21,5.09,4.9,4.9199343,4.910293,5.0816264,4.9771533
Catfish,2026-01-13 10:15:00,2.0,5.21,5.09,4.9,4.93,4.9527025,4.940725,5.0914025,4.9975767
Catfish,2026-01-13 10:30:00,2.0,5.09,4.9,4.93,5.32,4.9722633,4.958264,5.1241007,5.0240083
Catfish,2026-01-13 10:45:00,2.0,4.9,4.93,5.32,5.04,4.998442,4.986329,5.127452,5.044382
Catfish,2026-01-13 11:00:00,2.0,4.93,5.32,5.04,5.01,5.015726,5.0087934,5.145494,5.072629
Catfish,2026-01-13 11:15:00,2.0,5.32,5.04,5.01,5.2,5.0313454,5.027087,5.178341,5.085654
Catfish,2026-01-13 11:30:00,2.0,5.04,5.01,5.2,4.87,5.0328627,5.0235696,5.173139,5.0848656
Catfish,2026-01-13 11:45:00,2.0,5.01,5.2,4.87,4.92,5.0483317,5.029634,5.174258,5.0863314
Catfish,2026-01-13 12:00:00,2.0,5.2,4.87,4.92,4.64,5.0578666,5.0346227,5.1833043,5.097122
Catfish,2026-01-13 12:15:00,2.0,4.87,4.92,4.64,5.14,5.0568514,5.031324,5.171522,5.0878296
Catfish,2026-01-13 12:30:00,2.0,4.92,4.64,5.14,5.11,5.092187,5.079002,5.2205405,5.1376114
Catfish,2026-01-13 12:45:00,2.0,4.64,5.14,5.11,5.33,5.053874,5.029468,5.1732893,5.077258
Catfish,2026-01-13 13:00:00,2.0,5.14,5.11,5.33,4.91,4.9711075,4.9811187,5.1400585,4.997816
Catfish,2026-01-13 13:15:00,2.0,5.11,5.33,4.91,5.05,5.0037117,4.9963717,5.1408834,5.020016
Catfish,2026-01-13 13:30:00,2.0,5.33,4.91,5.05,5.26,4.994997,4.980358,5.1218195,4.988967
Catfish,2026-01-13 13:45:00,2.0,4.91,5.05,5.26,5.25,5.0018315,4.980702,5.1175537,4.993572
Catfish,2026-01-13 14:00:00,2.0,5.05,5.26,5.25,5.27,4.970344,4.9565563,5.0974765,4.978832
Catfish,2026-01-13 14:15:00,2.0,5.26,5.25,5.27,5.2,4.969182,4.9593115,5.0855756,4.9764185
Catfish,2026-01-13 14:30:00,2.0,5.25,5.27,5.2,5.05,4.972769,4.969521,5.0884748,4.98748
Catfish,2026-01-13 14:45:00,2.0,5.27,5.2,5.05,5.11,4.990361,4.9888053,5.112871,5.009021
Catfish,2026-01-13 15:00:00,2.0,5.2,5.05,5.11,4.75,4.9892387,4.958601,5.0812626,5.000359
Catfish,2026-01-13 15:15:00,2.0,5.05,5.11,4.75,4.89,5.0187707,4.981717,5.0984983,5.019188
Catfish,2026-01-13 15:30:00,2.0,5.11,4.75,4.89,5.03,5.002779,4.9690156,5.088239,5.0018167
Catfish,2026-01-13 15:45:00,2.0,4.75,4.89,5.03,5.27,4.965746,4.9320626,5.046417,4.9573994
Catfish,2026-01-13 16:00:00,2.0,4.89,5.03,5.27,5.08,4.8830967,4.8523035,4.961251,4.868249
Catfish,2026-01-13 16:15:00,2.0,5.03,5.27,5.08,4.62,4.8324814,4.8025393,4.9181867,4.8207293
Catfish,2026-01-13 16:30:00,2.0,5.27,5.08,4.62,4.72,4.85036,4.8250947,4.9370017,4.821978
Catfish,2026-01-13 16:45:00,2.0,5.08,4.62,4.72,5.13,4.8476696,4.825028,4.932435,4.8153706
Catfish,2026-01-13 17:00:00,2.0,4.62,4.72,5.13,4.61,4.8150687,4.7856584,4.902058,4.7770014
Catfish,2026-01-13 17:15:00,2.0,4.72,5.13,4.61,4.54,4.7401156,4.7181263,4.831472,4.713443
Catfish,2026-01-13 17:30:00,2.0,5.13,4.61,4.54,4.84,4.687418,4.673575,4.785335,4.6749573
Catfish,2026-01-13 17:45:00,2.0,4.61,4.54,4.84,4.52,4.7098904,4.6928725,4.8064313,4.695826
Catfish,2026-01-13 18:00:00,2.0,4.54,4.84,4.52,4.9,4.6628466,4.6432443,4.7590036,4.6438875
Catfish,2026-01-13 18:15:00,2.0,4.84,4.52,4.9,4.65,4.627703,4.6176267,4.725254,4.6133595
Catfish,2026-01-13 18:30:00,2.0,4.52,4.9,4.65,4.65,4.5857954,4.5717816,4.680944,4.570326
Catfish,2026-01-13 18:45:00,2.0,4.9,4.65,4.65,4.73,4.5727434,4.554858,4.649936,4.563486
Catfish,2026-01-13 19:00:00,2.0,4.65,4.65,4.73,4.62,4.5646906,4.5573373,4.7051263,4.563076
Catfish,2026-01-13 19:15:00,2.0,4.65,4.73,4.62,4.57,4.5776887,4.552971,4.654338,4.546318
Catfish,2026-01-13 19:30:00,2.0,4.73,4.62,4.57,4.4,4.5283813,4.5070195,4.615238,4.5015025
Catfish,2026-01-13 19:45:00,2.0,4.62,4.57,4.4,4.62,4.5509634,4.534915,4.6654887,4.515494
Catfish,2026-01-13 20:00:00,2.0,4.57,4.4,4.62,4.51,4.502121,4.487217,4.585981,4.5092826
Catfish,2026-01-13 20:15:00,2.0,4.4,4.62,4.51,4.59,4.4598694,4.4380956,4.552562,4.4527698
Catfish,2026-01-13 20:30:00,2.0,4.62,4.51,4.59,4.41,4.4314528,4.4103456,4.525183,4.421811
Catfish,2026-01-13 20:45:00,2.0,4.51,4.59,4.41,4.34,4.3973746,4.3568187,4.4770093,4.385159
Catfish,2026-01-13 21:00:00,2.0,4.59,4.41,4.34,4.6,4.367067,4.324088,4.447497,4.3456016
Catfish,2026-01-13 21:15:00,2.0,4.41,4.34,4.6,4.31,4.350415,4.3040376,4.423608,4.3260975
Catfish,2026-01-13 21:30:00,2.0,4.34,4.6,4.31,4.18,4.302989,4.258501,4.382864,4.2736683
Catfish,2026-01-13 21:45:00,2.0,4.6,4.31,4.18,4.33,4.3357224,4.3050084,4.446732,4.308053
Catfish,2026-01-13 22:00:00,2.0,4.31,4.18,4.33,4.3,4.3142233,4.276443,4.3983293,4.2759147
Catfish,2026-01-13 22:15:00,2.0,4.18,4.33,4.3,4.37,4.296397,4.2720847,4.4140525,4.2698913
Catfish,2026-01-13 22:30:00,2.0,4.33,4.3,4.37,4.04,4.2661705,4.230448,4.3614583,4.230673
Catfish,2026-01-13 22:45:00,2.0,4.3,4.37,4.04,4.04,4.215785,4.1955,4.31467,4.2187977
Catfish,2026-01-13 23:00:00,2.0,4.37,4.04,4.04,4.15,4.224247,4.1827254,4.3045487,4.2151046
Catfish,2026-01-13 23:15:00,2.0,4.04,4.04,4.15,3.89,4.2294197,4.1845074,4.315977,4.2511315
Catfish,2026-01-13 23:30:00,2.0,4.04,4.15,3.89,4.08,4.209364,4.1657085,4.294045,4.219321
Catfish,2026-01-13 23:45:00,2.0,4.15,3.89,4.08,4.17,4.179894,4.1483707,4.300955,4.1887226
Catfish,2026-01-14 00:00:00,2.0,3.89,4.08,4.17,4.0,4.161421,4.141655,4.2597065,4.177444
Catfish,2026-01-14 00:15:00,2.0,4.08,4.17,4.0,3.86,4.0771265,4.0328054,4.1733165,4.0789037
Catfish,2026-01-14 00:30:00,2.0,4.17,4.0,3.86,4.48,4.0837364,4.029943,4.175751,4.0862775
Catfish,2026-01-14 00:45:00,2.0,4.0,3.86,4.48,4.3,4.119123,4.0650325,4.20274,4.1295214
Catfish,2026-01-14 01:00:00,2.0,3.86,4.48,4.3,4.15,4.161195,4.110307,4.2710433,4.171835
Catfish,2026-01-14 01:15:00,2.0,4.48,4.3,4.15,4.2,4.123377,4.1002307,4.255558,4.1715746
Catfish,2026-01-14 01:30:00,2.0,4.3,4.15,4.2,4.48,4.140913,4.1349545,4.2810917,4.1784983
Catfish,2026-01-14 01:45:00,2.0,4.15,4.2,4.48,4.68,4.101727,4.0830884,4.2312646,4.1444945
Catfish,2026-01-14 02:00:00,2.0,4.2,4.48,4.68,4.48,4.1271853,4.1039286,4.2881002,4.192874
Catfish,2026-01-14 02:15:00,2.0,4.48,4.68,4.48,3.69,4.1432047,4.1384263,4.3059645,4.226925
Catfish,2026-01-14 02:30:00,2.0,4.68,4.48,3.69,4.03,4.0914636,4.0895686,4.2438965,4.164691
Catfish,2026-01-14 02:45:00,2.0,4.48,3.69,4.03,4.41,4.212712,4.208752,4.372331,4.30305
Catfish,2026-01-14 03:00:00,2.0,3.69,4.03,4.41,4.5,4.154679,4.1620197,4.3147616,4.267597
Catfish,2026-01-14 03:15:00,2.0,4.03,4.41,4.5,4.79,4.172972,4.16736,4.3384404,4.284792
Catfish,2026-01-14 03:30:00,2.0,4.41,4.5,4.79,4.36,4.1584597,4.1693034,4.3519206,4.269577
Catfish,2026-01-14 03:45:00,2.0,4.5,4.79,4.36,4.58,4.192745,4.191918,4.364884,4.31225
Catfish,2026-01-14 04:00:00,2.0,4.79,4.36,4.58,4.11,4.2506676,4.2537107,4.3998713,4.3750067
Catfish,2026-01-14 04:15:00,2.0,4.36,4.58,4.11,4.46,4.330459,4.328702,4.4691963,4.4516854
Catfish,2026-01-14 04:30:00,2.0,4.58,4.11,4.46,4.61,4.37175,4.372066,4.5063577,4.476383
Catfish,2026-01-14 04:45:00,2.0,4.11,4.46,4.61,4.72,4.429577,4.4289193,4.57278,4.519022
Catfish,2026-01-14 05:00:00,2.0,4.46,4.61,4.72,4.39,4.4461303,4.4547734,4.618007,4.543339
Catfish,2026-01-14 05:15:00,2.0,4.61,4.72,4.39,4.69,4.4041443,4.413506,4.55163,4.5181813
Catfish,2026-01-14 05:30:00,2.0,4.72,4.39,4.69,4.46,4.463217,4.465367,4.6032286,4.5566177
Catfish,2026-01-14 05:45:00,2.0,4.39,4.69,4.46,4.86,4.5080805,4.5125833,4.64394,4.596198
Catfish,2026-01-14 06:00:00,2.0,4.69,4.46,4.86,4.61,4.517827,4.5109143,4.648756,4.615281
Catfish,2026-01-14 06:15:00,2.0,4.46,4.86,4.61,4.9,4.5856285,4.5867133,4.719234,4.689039
Catfish,2026-01-14 06:30:00,2.0,4.86,4.61,4.9,4.73,4.5728254,4.573562,4.71378,4.6837096
Catfish,2026-01-14 06:45:00,2.0,4.61,4.9,4.73,4.91,4.6313505,4.6413817,4.766131,4.7371426
Catfish,2026-01-14 07:00:00,2.0,4.9,4.73,4.91,5.26,4.656722,4.683993,4.8286624,4.779766
Catfish,2026-01-14 07:15:00,2.0,4.73,4.91,5.26,4.88,4.6661024,4.705339,4.856711,4.7945952
Catfish,2026-01-14 07:30:00,2.0,4.91,5.26,4.88,4.84,4.6692924,4.6998,4.840227,4.779228
Catfish,2026-01-14 07:45:00,2.0,5.26,4.88,4.84,4.85,4.6759624,4.6811705,4.8457904,4.748967
Catfish,2026-01-14 08:00:00,2.0,4.88,4.84,4.85,4.79,4.7431107,4.767588,4.91909,4.853734
Catfish,2026-01-14 08:15:00,2.0,4.84,4.85,4.79,4.92,4.8306947,4.851133,5.005181,4.9524784
Catfish,2026-01-14 08:30:00,2.0,4.85,4.79,4.92,4.8,4.873859,4.8945494,5.045793,4.988365
Catfish,2026-01-14 08:45:00,2.0,4.79,4.92,4.8,4.88,4.9011655,4.9122233,5.0771556,4.9808426
Catfish,2026-01-14 09:00:00,2.0,4.92,4.8,4.88,5.22,4.931895,4.945274,5.1030445,5.008931
Catfish,2026-01-14 09:15:00,2.0,4.8,4.88,5.22,4.91,4.950895,4.9444385,5.1169047,5.0288925
Catfish,2026-01-14 09:30:00,2.0,4.88,5.22,4.91,4.8,4.931096,4.921407,5.0886087,4.9941554
Catfish,2026-01-14 09:45:00,2.0,5.22,4.91,4.8,5.03,4.9593935,4.946926,5.1030965,5.0086927
Catfish,2026-01-14 10:00:00,2.0,4.91,4.8,5.03,5.05,4.99664,4.984277,5.140799,5.036451
Catfish,2026-01-14 10:15:00,2.0,4.8,5.03,5.05,5.05,5.013735,5.009517,5.155436,5.0688176
Catfish,2026-01-14 10:30:00,2.0,5.03,5.05,5.05,5.36,5.0144677,5.008432,5.163056,5.0777745
Catfish,2026-01-14 10:45:00,2.0,5.05,5.05,5.36,4.9,5.0076203,5.0232353,5.1870685,5.0570583
Catfish,2026-01-14 11:00:00,2.0,5.05,5.36,4.9,5.12,5.026184,5.021069,5.1620235,5.074952
Catfish,2026-01-14 11:15:00,2.0,5.36,4.9,5.12,5.14,4.991022,4.9842277,5.1325936,5.032981
Catfish,2026-01-14 11:30:00,2.0,4.9,5.12,5.14,5.36,5.0169716,5.010932,5.148681,5.0529027
Catfish,2026-01-14 11:45:00,2.0,5.12,5.14,5.36,5.07,5.0187163,5.016339,5.1608353,5.070952
Catfish,2026-01-14 12:00:00,2.0,5.14,5.36,5.07,4.27,5.0394907,5.0402102,5.1832433,5.092783
Catfish,2026-01-14 12:15:00,2.0,5.36,5.07,4.27,5.09,5.060464,5.0595255,5.1925907,5.1012573
Catfish,2026-01-14 12:30:00,2.0,5.07,4.27,5.09,5.11,5.0740833,5.071503,5.2023945,5.117694
Catfish,2026-01-14 12:45:00,2.0,4.27,5.09,5.11,5.5,5.067211,5.0500093,5.186379,5.101421
Catfish,2026-01-14 13:00:00,2.0,5.09,5.11,5.5,5.06,4.9151354,4.929108,5.086265,4.969328
Catfish,2026-01-14 13:15:00,2.0,5.11,5.5,5.06,5.39,4.9160023,4.9326797,5.0815563,4.9507914
Catfish,2026-01-14 13:30:00,2.0,5.5,5.06,5.39,5.12,4.9306803,4.939408,5.0880823,4.964193
Catfish,2026-01-14 13:45:00,2.0,5.06,5.39,5.12,5.18,4.927044,4.9320593,5.062674,4.955755
Catfish,2026-01-14 14:00:00,2.0,5.39,5.12,5.18,5.12,4.914469,4.9029927,5.04341,4.918352
Catfish,2026-01-14 14:15:00,2.0,5.12,5.18,5.12,4.9,4.927627,4.910874,5.0347934,4.9306617
Catfish,2026-01-14 14:30:00,2.0,5.18,5.12,4.9,5.29,4.9336166,4.9089518,5.029721,4.931143
Catfish,2026-01-14 14:45:00,2.0,5.12,4.9,5.29,4.82,4.941754,4.9249473,5.055054,4.947798
Catfish,2026-01-14 15:00:00,2.0,4.9,5.29,4.82,5.13,5.015633,4.9763007,5.076085,5.004677
Catfish,2026-01-14 15:15:00,2.0,5.29,4.82,5.13,5.07,4.95778,4.9153347,5.0250573,4.944372
Catfish,2026-01-14 15:30:00,2.0,4.82,5.13,5.07,4.96,4.952343,4.9151654,5.027736,4.9398785
Catfish,2026-01-14 15:45:00,2.0,5.13,5.07,4.96,4.85,4.9008102,4.8755016,4.9876437,4.8860803
Catfish,2026-01-14 16:00:00,2.0,5.07,4.96,4.85,4.9,4.8917694,4.8606954,4.971149,4.8688717
Catfish,2026-01-14 16:15:00,2.0,4.96,4.85,4.9,4.97,4.8792944,4.8472896,4.9634566,4.860053
Catfish,2026-01-14 16:30:00,2.0,4.85,4.9,4.97,4.3,4.8589497,4.8305235,4.9383974,4.845485
Catfish,2026-01-14 16:45:00,2.0,4.9,4.97,4.3,4.75,4.850429,4.819355,4.919669,4.830266
Catfish,2026-01-14 17:00:00,2.0,4.97,4.3,4.75,4.83,4.802769,4.7700543,4.884022,4.779125
Catfish,2026-01-14 17:15:00,2.0,4.3,4.75,4.83,4.38,4.8057327,4.7769804,4.8821106,4.778635
Catfish,2026-01-14 17:30:00,2.0,4.75,4.83,4.38,4.66,4.691725,4.6814,4.7995358,4.6676826
Catfish,2026-01-14 17:45:00,2.0,4.83,4.38,4.66,4.45,4.6554527,4.637763,4.7596045,4.6390996
Catfish,2026-01-14 18:00:00,2.0,4.38,4.66,4.45,4.94,4.6452284,4.6218915,4.744983,4.613199
Catfish,2026-01-14 18:15:00,2.0,4.66,4.45,4.94,4.6,4.5796165,4.562471,4.67686,4.5555515
Catfish,2026-01-14 18:30:00,2.0,4.45,4.94,4.6,4.65,4.53845,4.512983,4.6321826,4.4985623
Catfish,2026-01-14 18:45:00,2.0,4.94,4.6,4.65,4.66,4.502844,4.48615,4.600143,4.480151
Catfish,2026-01-14 19:00:00,2.0,4.6,4.65,4.66,4.56,4.5012727,4.4806633,4.6060967,4.4880824
Catfish,2026-01-14 19:15:00,2.0,4.65,4.66,4.56,4.08,4.4944115,4.472605,4.5859604,4.4706445
Catfish,2026-01-14 19:30:00,2.0,4.66,4.56,4.08,4.61,4.4821672,4.457236,4.5702777,4.465996
Catfish,2026-01-14 19:45:00,2.0,4.56,4.08,4.61,4.51,4.4847374,4.471847,4.5738325,4.4674525
Catfish,2026-01-14 20:00:00,2.0,4.08,4.61,4.51,4.62,4.469574,4.427222,4.535297,4.4307733
Catfish,2026-01-14 20:15:00,2.0,4.61,4.51,4.62,4.19,4.372281,4.337444,4.461254,4.325305
Catfish,2026-01-14 20:30:00,2.0,4.51,4.62,4.19,4.39,4.3549647,4.3294215,4.4571004,4.3278837
Catfish,2026-01-14 20:45:00,2.0,4.62,4.19,4.39,4.53,4.341646,4.3212786,4.4304314,4.315556
Catfish,2026-01-14 21:00:00,2.0,4.19,4.39,4.53,4.58,4.3875084,4.360555,4.485333,4.3366275
Catfish,2026-01-14 21:15:00,2.0,4.39,4.53,4.58,4.65,4.3012714,4.268143,4.400164,4.2355256
Catfish,2026-01-14 21:30:00,2.0,4.53,4.58,4.65,4.53,4.340707,4.3120017,4.438547,4.279023
Catfish,2026-01-14 21:45:00,2.0,4.58,4.65,4.53,4.3,4.3219786,4.2794914,4.4035673,4.2246532
Catfish,2026-01-14 22:00:00,2.0,4.65,4.53,4.3,4.32,4.2628145,4.2220254,4.3479114,4.198866
Catfish,2026-01-14 22:15:00,2.0,4.53,4.3,4.32,4.24,4.310005,4.2644973,4.3701196,4.2454414
Catfish,2026-01-14 22:30:00,2.0,4.3,4.32,4.24,4.18,4.264752,4.222963,4.340625,4.2483487
Catfish,2026-01-14 22:45:00,2.0,4.32,4.24,4.18,4.25,4.298539,4.273175,4.4216514,4.2954006
Gourami,2026-01-26 22:15:00,4.0,3.92,3.47,4.12,3.8,3.5403814,3.5366347,3.570474,3.5427384
Gourami,2026-01-26 22:30:00,4.0,3.47,4.12,3.8,3.82,3.5527074,3.5105796,3.5748088,3.5248604
Gourami,2026-01-26 22:45:00,4.0,4.12,3.8,3.82,3.51,3.541606,3.483558,3.5773265,3.5294232
Gourami,2026-01-26 23:00:00,4.0,3.8,3.82,3.51,3.5,3.4752584,3.4314275,3.4972405,3.4640312
Gourami,2026-01-26 23:15:00,4.0,3.82,3.51,3.5,3.78,3.5161152,3.4576309,3.5487642,3.515727
Gourami,2026-01-26 23:30:00,4.0,3.51,3.5,3.78,3.89,3.4824755,3.433141,3.523429,3.468845
Gourami,2026-01-26 23:45:00,4.0,3.5,3.78,3.89,3.41,3.4399693,3.4110534,3.4958954,3.4695535
Gourami,2026-01-27 00:00:00,4.0,3.78,3.89,3.41,3.49,3.3943458,3.3626673,3.4708886,3.4104388
Gourami,2026-01-27 00:15:00,4.0,3.89,3.41,3.49,3.74,3.3759115,3.3437958,3.4529681,3.3701513
Gourami,2026-01-27 00:30:00,4.0,3.41,3.49,3.74,3.71,3.414263,3.3842382,3.5009844,3.4150872
Gourami,2026-01-27 00:45:00,4.0,3.49,3.74,3.71,3.93,3.30884,3.279249,3.4076784,3.300785
Gourami,2026-01-27 01:00:00,4.0,3.74,3.71,3.93,3.5,3.2257516,3.2009244,3.3279984,3.2434173
Gourami,2026-01-27 01:15:00,4.0,3.71,3.93,3.5,3.55,3.2234051,3.2144744,3.3125126,3.2476437
Gourami,2026-01-27 01:30:00,4.0,3.93,3.5,3.55,3.57,3.2370322,3.215382,3.3352993,3.2644796
Gourami,2026-01-27 01:45:00,4.0,3.5,3.55,3.57,4.27,3.2115436,3.1854281,3.3283138,3.2624178
Gourami,2026-01-27 02:00:00,4.0,3.55,3.57,4.27,3.99,3.1947207,3.1642435,3.3403885,3.258283
Gourami,2026-01-27 02:15:00,4.0,3.57,4.27,3.99,3.85,3.2029579,3.185728,3.3540628,3.3009653
Gourami,2026-01-27 02:30:00,4.0,4.27,3.99,3.85,3.78,3.1943274,3.1743326,3.3582783,3.3023024
Gourami,2026-01-27 02:45:00,4.0,3.99,3.85,3.78,3.8,3.331343,3.3258758,3.4897456,3.4306507
Gourami,2026-01-27 03:00:00,4.0,3.85,3.78,3.8,4.23,3.45559,3.431923,3.6258826,3.5294156
Gourami,2026-01-27 03:15:00,4.0,3.78,3.8,4.23,3.94,3.5281365,3.5185127,3.7107599,3.6269395
Gourami,2026-01-27 03:30:00,4.0,3.8,4.23,3.94,4.6,3.5946727,3.586562,3.795615,3.7103627
Gourami,2026-01-27 03:45:00,4.0,4.23,3.94,4.6,3.52,3.6669936,3.654689,3.8659897,3.783803
Gourami,2026-01-27 04:00:00,4.0,3.94,4.6,3.52,4.21,3.7975953,3.825118,4.020352,3.9981894
Gourami,2026-01-27 04:15:00,4.0,4.6,3.52,4.21,3.54,3.8495178,3.845474,4.096226,4.025593
Gourami,2026-01-27 04:30:00,4.0,3.52,4.21,3.54,3.61,3.979048,4.025676,4.251194,4.2319117
Gourami,2026-01-27 04:45:00,4.0,4.21,3.54,3.61,4.65,3.9095054,3.95763,4.2094994,4.148921
Gourami,2026-01-27 05:00:00,4.0,3.54,3.61,4.65,4.79,3.9949899,4.0706367,4.3102407,4.2921963
Gourami,2026-01-27 05:15:00,4.0,3.61,4.65,4.79,4.49,4.0200934,4.0909595,4.328525,4.29482
Gourami,2026-01-27 05:30:00,4.0,4.65,4.79,4.49,4.41,3.953843,3.993995,4.2768283,4.2119412
Gourami,2026-01-27 05:45:00,4.0,4.79,4.49,4.41,4.78,4.1223145,4.1779823,4.4486513,4.4077735
Gourami,2026-01-27 06:00:00,4.0,4.49,4.41,4.78,5.14,4.248117,4.329165,4.592716,4.5709257
Gourami,2026-01-27 06:15:00,4.0,4.41,4.78,5.14,4.99,4.298404,4.411594,4.6311274,4.672718
Gourami,2026-01-27 06:30:00,4.0,4.78,5.14,4.99,4.67,4.461692,4.5638566,4.7657723,4.825218
Gourami,2026-01-27 06:45:00,4.0,5.14,4.99,4.67,5.13,4.480487,4.551191,4.7460127,4.7835617
Gourami,2026-01-27 07:00:00,4.0,4.99,4.67,5.13,5.52,4.609301,4.6556597,4.852549,4.87832
Gourami,2026-01-27 07:15:00,4.0,4.67,5.13,5.52,4.94,4.629594,4.718011,4.83587,4.9266596
Gourami,2026-01-27 07:30:00,4.0,5.13,5.52,4.94,5.27,4.673714,4.7819233,4.9253354,4.9721527
Gourami,2026-01-27 07:45:00,4.0,5.52,4.94,5.27,5.1,4.7582207,4.940664,5.036237,5.1522303
Gourami,2026-01-27 08:00:00,4.0,4.94,5.27,5.1,5.48,5.0375147,5.2308917,5.3034387,5.4268017
Gourami,2026-01-27 08:15:00,4.0,5.27,5.1,5.48,5.66,5.244963,5.428715,5.4916778,5.6279516
Gourami,2026-01-27 08:30:00,4.0,5.1,5.48,5.66,6.12,5.340938,5.4746823,5.5581355,5.6615987
Gourami,2026-01-27 08:45:00,4.0,5.48,5.66,6.12,5.82,5.479039,5.5217557,5.5904183,5.6266794
Gourami,2026-01-27 09:00:00,4.0,5.66,6.12,5.82,5.82,5.456517,5.479414,5.6102037,5.580159
Gourami,2026-01-27 09:15:00,4.0,6.12,5.82,5.82,5.7,5.4349523,5.4468884,5.5934987,5.546826
Gourami,2026-01-27 09:30:00,4.0,5.82,5.82,5.7,5.59,5.51247,5.5284266,5.623564,5.6025167
Gourami,2026-01-27 09:45:00,4.0,5.82,5.7,5.59,5.97,5.5364094,5.5331984,5.620026,5.599057
Gourami,2026-01-27 10:00:00,4.0,5.7,5.59,5.97,5.69,5.6302433,5.6491485,5.7913938,5.7169237
Gourami,2026-01-27 10:15:00,4.0,5.59,5.97,5.69,6.19,5.6708846,5.685439,5.8367944,5.7397127
Gourami,2026-01-27 10:30:00,4.0,5.97,5.69,6.19,5.59,5.6805267,5.694304,5.8273406,5.750781
Gourami,2026-01-27 10:45:00,4.0,5.69,6.19,5.59,5.98,5.730276,5.737606,5.861978,5.8086486
Gourami,2026-01-27 11:00:00,4.0,6.19,5.59,5.98,5.9,5.770714,5.765327,5.8725314,5.8496733
Gourami,2026-01-27 11:15:00,4.0,5.59,5.98,5.9,5.94,5.757699,5.758806,5.8641763,5.8359146
Gourami,2026-01-27 11:30:00,4.0,5.98,5.9,5.94,6.06,5.7856884,5.7720323,5.8925886,5.852705
Gourami,2026-01-27 11:45:00,4.0,5.9,5.94,6.06,6.06,5.839486,5.8283496,5.945603,5.875722
Gourami,2026-01-27 12:00:00,4.0,5.94,6.06,6.06,5.73,5.8486614,5.848795,5.9426646,5.869648
Gourami,2026-01-27 12:15:00,4.0,6.06,6.06,5.73,6.35,5.875716,5.8660927,5.9645963,5.8923216
Gourami,2026-01-27 12:30:00,4.0,6.06,5.73,6.35,6.12,5.9148145,5.9025245,5.9855494,5.923295
Gourami,2026-01-27 12:45:00,4.0,5.73,6.35,6.12,6.16,5.9096746,5.9022408,5.994272,5.9122696
Gourami,2026-01-27 13:00:00,4.0,6.35,6.12,6.16,6.11,5.913767,5.8826413,5.9339166,5.90013
Gourami,2026-01-27 13:15:00,4.0,6.12,6.16,6.11,5.91,5.8888683,5.852568,5.8978844,5.8595495
Gourami,2026-01-27 13:30:00,4.0,6.16,6.11,5.91,6.07,5.8651123,5.8034153,5.818395,5.807424
Gourami,2026-01-27 13:45:00,4.0,6.11,5.91,6.07,5.19,5.8480854,5.782008,5.8198986,5.7667265
Gourami,2026-01-27 14:00:00,4.0,5.91,6.07,5.19,6.02,5.89449,5.8431096,5.837619,5.796043
Gourami,2026-01-27 14:15:00,4.0,6.07,5.19,6.02,5.68,5.8647327,5.8137994,5.8015256,5.7623672
Gourami,2026-01-27 14:30:00,4.0,5.19,6.02,5.68,5.62,5.8854356,5.8411345,5.8175063,5.772736
Gourami,2026-01-27 14:45:00,4.0,6.02,5.68,5.62,6.2,5.738035,5.685758,5.6935716,5.6458726
Gourami,2026-01-27 15:00:00,4.0,5.68,5.62,6.2,5.4,5.738567,5.6912246,5.6873884,5.6091757
Gourami,2026-01-27 15:15:00,4.0,5.62,6.2,5.4,5.77,5.7166853,5.666864,5.667494,5.5802298
Gourami,2026-01-27 15:30:00,4.0,6.2,5.4,5.77,5.37,5.702076,5.6360903,5.6194806,5.551909
Gourami,2026-01-27 15:45:00,4.0,5.4,5.77,5.37,5.77,5.7052107,5.6262984,5.5886307,5.5467834
Gourami,2026-01-27 16:00:00,4.0,5.77,5.37,5.77,5.85,5.5948696,5.509689,5.4761653,5.433365
Gourami,2026-01-27 16:15:00,4.0,5.37,5.77,5.85,5.5,5.5065928,5.4135156,5.3406816,5.314289
Gourami,2026-01-27 16:30:00,4.0,5.77,5.85,5.5,5.25,5.3673677,5.270733,5.234424,5.156457
Gourami,2026-01-27 16:45:00,4.0,5.85,5.5,5.25,5.15,5.353226,5.262152,5.2452464,5.120066
Gourami,2026-01-27 17:00:00,4.0,5.5,5.25,5.15,4.46,5.3293877,5.227782,5.186739,5.080254
Gourami,2026-01-27 17:15:00,4.0,5.25,5.15,4.46,5.31,5.2630396,5.1611695,5.1393056,5.012655
Gourami,2026-01-27 17:30:00,4.0,5.15,4.46,5.31,4.9,5.2296352,5.127906,5.121683,4.9785485
Gourami,2026-01-27 17:45:00,4.0,4.46,5.31,4.9,5.08,5.1369934,5.030814,5.051678,4.91468
Gourami,2026-01-27 18:00:00,4.0,5.31,4.9,5.08,4.44,5.0045385,4.892894,4.924468,4.7901444
Gourami,2026-01-27 18:15:00,4.0,4.9,5.08,4.44,4.9,4.943387,4.818849,4.8410544,4.7311487
Gourami,2026-01-27 18:30:00,4.0,5.08,4.44,4.9,4.27,4.8457727,4.710044,4.7492704,4.594126
Gourami,2026-01-27 18:45:00,4.0,4.44,4.9,4.27,5.2,4.747773,4.606708,4.6200733,4.5107327
Gourami,2026-01-27 19:00:00,4.0,4.9,4.27,5.2,4.25,4.6252303,4.478991,4.4872637,4.3608685
Gourami,2026-01-27 19:15:00,4.0,4.27,5.2,4.25,4.7,4.5406604,4.420519,4.3862176,4.269395
Gourami,2026-01-27 19:30:00,4.0,5.2,4.25,4.7,4.53,4.5204306,4.364189,4.311603,4.22455
Gourami,2026-01-27 19:45:00,4.0,4.25,4.7,4.53,4.31,4.450687,4.3194613,4.2873063,4.148383
Gourami,2026-01-27 20:00:00,4.0,4.7,4.53,4.31,4.59,4.4064784,4.273245,4.1924024,4.0970416
Gourami,2026-01-27 20:15:00,4.0,4.53,4.31,4.59,4.09,4.4535813,4.3022966,4.202293,4.168008
Gourami,2026-01-27 20:30:00,4.0,4.31,4.59,4.09,4.15,4.180571,4.046587,3.9665496,3.9286423
Gourami,2026-01-27 20:45:00,4.0,4.59,4.09,4.15,4.14,4.031881,3.9551318,3.8542747,3.8405976
Gourami,2026-01-27 21:00:00,4.0,4.09,4.15,4.14,3.89,4.0008287,3.9302053,3.8091562,3.8685856
Gourami,2026-01-27 21:15:00,4.0,4.15,4.14,3.89,3.82,3.8910956,3.8503234,3.713786,3.7954097
Gourami,2026-01-27 21:30:00,4.0,4.14,3.89,3.82,4.11,3.8047864,3.7599018,3.6270626,3.728861
Gourami,2026-01-27 21:45:00,4.0,3.89,3.82,4.11,3.48,3.7044976,3.6905024,3.563006,3.6690984
Gourami,2026-01-27 22:00:00,4.0,3.82,4.11,3.48,4.18,3.5595038,3.5159693,3.515011,3.5310822
Gourami,2026-01-27 22:15:00,4.0,4.11,3.48,4.18,3.71,3.564706,3.4908557,3.5537581,3.4997883
Gourami,2026-01-27 22:30:00,4.0,3.48,4.18,3.71,3.88,3.4824471,3.4562352,3.4924707,3.4760222
Gourami,2026-01-27 22:45:00,4.0,4.18,3.71,3.88,3.52,3.5022595,3.443671,3.5210235,3.4740543
Gourami,2026-01-27 23:00:00,4.0,3.71,3.88,3.52,3.77,3.4614704,3.435743,3.4696631,3.4573221
Gourami,2026-01-27 23:15:00,4.0,3.88,3.52,3.77,3.78,3.487436,3.4467878,3.5152347,3.487276
Gourami,2026-01-27 23:30:00,4.0,3.52,3.77,3.78,3.67,3.4741838,3.404158,3.4820676,3.4118428
Gourami,2026-01-27 23:45:00,4.0,3.77,3.78,3.67,3.52,3.3732402,3.3213232,3.409863,3.3323739
Gourami,2026-01-28 00:00:00,4.0,3.78,3.67,3.52,3.98,3.3544247,3.2875736,3.3880506,3.2793741
Gourami,2026-01-28 00:15:00,4.0,3.67,3.52,3.98,3.47,3.323979,3.2591116,3.3639007,3.2631354
Gourami,2026-01-28 00:30:00,4.0,3.52,3.98,3.47,3.83,3.2934263,3.2402556,3.358063,3.2457452
Gourami,2026-01-28 00:45:00,4.0,3.98,3.47,3.83,3.35,3.2686703,3.2254941,3.3469243,3.245837
Gourami,2026-01-28 01:00:00,4.0,3.47,3.83,3.35,3.7,3.2630513,3.2134347,3.3443015,3.2374868
Gourami,2026-01-28 01:15:00,4.0,3.83,3.35,3.7,3.93,3.20937,3.1759787,3.3135338,3.2266185
Gourami,2026-01-28 01:30:00,4.0,3.35,3.7,3.93,3.69,3.2071064,3.171077,3.3272164,3.2291095
Gourami,2026-01-28 01:45:00,4.0,3.7,3.93,3.69,3.95,3.1931264,3.1730077,3.3252213,3.2601724
Gourami,2026-01-28 02:00:00,4.0,3.93,3.69,3.95,3.8,3.1726274,3.1276677,3.320005,3.2315824
Gourami,2026-01-28 02:15:00,4.0,3.69,3.95,3.8,4.04,3.217273,3.1844301,3.3674555,3.2798219
Gourami,2026-01-28 02:30:00,4.0,3.95,3.8,4.04,3.84,3.2221963,3.184962,3.3859067,3.2980146
Gourami,2026-01-28 02:45:00,4.0,3.8,4.04,3.84,3.85,3.2265038,3.1902716,3.4061098,3.3172145
Gourami,2026-01-28 03:00:00,4.0,4.04,3.84,3.85,3.76,3.2603405,3.2144516,3.4631908,3.3579845
Gourami,2026-01-28 03:15:00,4.0,3.84,3.85,3.76,4.17,3.375316,3.3668263,3.5497801,3.4782217
Gourami,2026-01-28 03:30:00,4.0,3.85,3.76,4.17,3.24,3.4775298,3.4662967,3.6692762,3.6041536
Gourami,2026-01-28 03:45:00,4.0,3.76,4.17,3.24,4.47,3.5896478,3.5918634,3.7744863,3.717647
Gourami,2026-01-28 04:00:00,4.0,4.17,3.24,4.47,4.24,3.6433494,3.6540024,3.8448079,3.7860155
Gourami,2026-01-28 04:15:00,4.0,3.24,4.47,4.24,3.9,3.7603083,3.7993631,3.973987,3.9578624
Gourami,2026-01-28 04:30:00,4.0,4.47,4.24,3.9,4.48,3.7691495,3.8020177,4.0258317,3.95529
Gourami,2026-01-28 04:45:00,4.0,4.24,3.9,4.48,4.4,3.9513838,4.00056,4.224195,4.189983
Gourami,2026-01-28 05:00:00,4.0,3.9,4.48,4.4,4.13,4.0473447,4.1538353,4.3400464,4.381208
Gourami,2026-01-28 05:15:00,4.0,4.48,4.4,4.13,4.6,4.0766573,4.129689,4.392273,4.3480515
Gourami,2026-01-28 05:30:00,4.0,4.4,4.13,4.6,4.61,4.1056576,4.2123623,4.4389925,4.454459
Gourami,2026-01-28 05:45:00,4.0,4.13,4.6,4.61,4.63,4.1632395,4.246124,4.502323,4.4877987
Gourami,2026-01-28 06:00:00,4.0,4.6,4.61,4.63,4.74,4.347576,4.4327703,4.630794,4.6742435
Gourami,2026-01-28 06:15:00,4.0,4.61,4.63,4.74,4.72,4.3955517,4.5136204,4.6867647,4.7593884
Gourami,2026-01-28 06:30:00,4.0,4.63,4.74,4.72,5.14,4.4797792,4.5752864,4.7321053,4.8030615
Gourami,2026-01-28 06:45:00,4.0,4.74,4.72,5.14,4.88,4.5315905,4.618678,4.759181,4.820017
Gourami,2026-01-28 07:00:00,4.0,4.72,5.14,4.88,5.07,4.5232234,4.584783,4.744137,4.765519
Gourami,2026-01-28 07:15:00,4.0,5.14,4.88,5.07,5.24,4.611106,4.643932,4.800661,4.811986
Gourami,2026-01-28 07:30:00,4.0,4.88,5.07,5.24,5.1,4.7005076,4.8119297,4.907144,5.0239506
Gourami,2026-01-28 07:45:00,4.0,5.07,5.24,5.1,5.41,4.838636,4.969848,5.0978255,5.189207
Gourami,2026-01-28 08:00:00,4.0,5.24,5.1,5.41,5.13,4.9069433,5.0670753,5.1503067,5.3016567
Gourami,2026-01-28 08:15:00,4.0,5.1,5.41,5.13,4.98,5.0930643,5.224124,5.248908,5.42052
Gourami,2026-01-28 08:30:00,4.0,5.41,5.13,4.98,5.46,5.2618523,5.340065,5.35167,5.494302
Gourami,2026-01-28 08:45:00,4.0,5.13,4.98,5.46,5.57,5.2886896,5.330745,5.4524555,5.47857
Gourami,2026-01-28 09:00:00,4.0,4.98,5.46,5.57,5.43,5.2678747,5.3041234,5.485673,5.4202533
Gourami,2026-01-28 09:15:00,4.0,5.46,5.57,5.43,5.65,5.3687906,5.414593,5.5869284,5.510515
Gourami,2026-01-28 09:30:00,4.0,5.57,5.43,5.65,5.71,5.3756347,5.4102225,5.5599217,5.470562
Gourami,2026-01-28 09:45:00,4.0,5.43,5.65,5.71,5.65,5.4930983,5.5212502,5.642342,5.5566883
Gourami,2026-01-28 10:00:00,4.0,5.65,5.71,5.65,5.76,5.5033197,5.534567,5.6498137,5.56075
Gourami,2026-01-28 10:15:00,4.0,5.71,5.65,5.76,5.68,5.590084,5.5969834,5.7018704,5.61983
Gourami,2026-01-28 10:30:00,4.0,5.65,5.76,5.68,4.99,5.616025,5.583241,5.6766953,5.669376
Gourami,2026-01-28 10:45:00,4.0,5.76,5.68,4.99,6.04,5.679065,5.679533,5.743735,5.7538276
Gourami,2026-01-28 11:00:00,4.0,5.68,4.99,6.04,5.39,5.6618104,5.6652884,5.7507505,5.7220736
Gourami,2026-01-28 11:15:00,4.0,4.99,6.04,5.39,5.43,5.722418,5.7168207,5.7616,5.7320137
Gourami,2026-01-28 11:30:00,4.0,6.04,5.39,5.43,5.96,5.6926403,5.701731,5.8312926,5.719181
Gourami,2026-01-28 11:45:00,4.0,5.39,5.43,5.96,4.8,5.7461605,5.7218575,5.7984257,5.7300396
Gourami,2026-01-28 12:00:00,4.0,5.43,5.96,4.8,5.79,5.6725745,5.6518884,5.7272983,5.6686506
Gourami,2026-01-28 12:15:00,4.0,5.96,4.8,5.79,5.1,5.6667366,5.63872,5.7386403,5.6541734
Gourami,2026-01-28 12:30:00,4.0,4.8,5.79,5.1,5.85,5.6309814,5.6024227,5.667552,5.6268187
Gourami,2026-01-28 12:45:00,4.0,5.79,5.1,5.85,5.63,5.571961,5.581175,5.6587706,5.589845
Gourami,2026-01-28 13:00:00,4.0,5.1,5.85,5.63,5.66,5.5541077,5.5389223,5.5916543,5.5646553
Gourami,2026-01-28 13:15:00,4.0,5.85,5.63,5.66,5.21,5.4370604,5.435346,5.486592,5.4672213
Gourami,2026-01-28 13:30:00,4.0,5.63,5.66,5.21,5.44,5.475004,5.487682,5.535738,5.4980683
Gourami,2026-01-28 13:45:00,4.0,5.66,5.21,5.44,5.97,5.5046244,5.518457,5.5584064,5.5316505
Gourami,2026-01-28 14:00:00,4.0,5.21,5.44,5.97,6.24,5.510028,5.5014997,5.5100193,5.5281415
Gourami,2026-01-28 14:15:00,4.0,5.44,5.97,6.24,5.66,5.481487,5.456702,5.403997,5.5151625
Gourami,2026-01-28 14:30:00,4.0,5.97,6.24,5.66,5.55,5.5195427,5.4866586,5.4366093,5.5068326
Gourami,2026-01-28 14:45:00,4.0,6.24,5.66,5.55,5.6,5.5594063,5.536623,5.497984,5.5168414
Gourami,2026-01-28 15:00:00,4.0,5.66,5.55,5.6,5.34,5.6064,5.559937,5.5163794,5.5295925
Gourami,2026-01-28 15:15:00,4.0,5.55,5.6,5.34,5.85,5.5252523,5.4595265,5.4266114,5.4068146
Gourami,2026-01-28 15:30:00,4.0,5.6,5.34,5.85,5.45,5.4693747,5.384843,5.349721,5.2982225
Gourami,2026-01-28 15:45:00,4.0,5.34,5.85,5.45,5.49,5.3656797,5.27998,5.2543516,5.1564293
Gourami,2026-01-28 16:00:00,4.0,5.85,5.45,5.49,5.61,5.339123,5.2521205,5.21191,5.1497555
Gourami,2026-01-28 16:15:00,4.0,5.45,5.49,5.61,4.9,5.334134,5.2504554,5.2141914,5.126292
Gourami,2026-01-28 16:30:00,4.0,5.49,5.61,4.9,5.13,5.323705,5.2310834,5.204256,5.120119
Gourami,2026-01-28 16:45:00,4.0,5.61,4.9,5.13,5.25,5.3781195,5.2648025,5.2377687,5.1579905
Gourami,2026-01-28 17:00:00,4.0,4.9,5.13,5.25,5.08,5.392496,5.2806287,5.2384233,5.1586924
Gourami,2026-01-28 17:15:00,4.0,5.13,5.25,5.08,4.95,5.222711,5.1223593,5.132047,5.0159483
Gourami,2026-01-28 17:30:00,4.0,5.25,5.08,4.95,5.0,5.169202,5.036274,5.017073,4.958212
Gourami,2026-01-28 17:45:00,4.0,5.08,4.95,5.0,4.61,5.0910935,4.960246,4.945987,4.864837
Gourami,2026-01-28 18:00:00,4.0,4.95,5.0,4.61,4.68,5.0427165,4.908455,4.884224,4.814319
Gourami,2026-01-28 18:15:00,4.0,5.0,4.61,4.68,4.43,4.9716473,4.827958,4.822215,4.730904
Gourami,2026-01-28 18:30:00,4.0,4.61,4.68,4.43,4.75,4.8237066,4.6763296,4.655959,4.593807
Gourami,2026-01-28 18:45:00,4.0,4.68,4.43,4.75,4.84,4.7564497,4.599745,4.612343,4.5177174
Gourami,2026-01-28 19:00:00,4.0,4.43,4.75,4.84,4.42,4.648814,4.495196,4.483776,4.3898325
Gourami,2026-01-28 19:15:00,4.0,4.75,4.84,4.42,4.81,4.542406,4.385826,4.361311,4.302342
Gourami,2026-01-28 19:30:00,4.0,4.84,4.42,4.81,4.39,4.5116467,4.4098635,4.3297544,4.268198
Gourami,2026-01-28 19:45:00,4.0,4.42,4.81,4.39,4.43,4.44075,4.361263,4.2381673,4.220036
Gourami,2026-01-28 20:00:00,4.0,4.81,4.39,4.43,4.29,4.3491797,4.2769914,4.1805696,4.163718
Gourami,2026-01-28 20:15:00,4.0,4.39,4.43,4.29,4.0,4.2163134,4.1714997,4.055257,4.0864177
Gourami,2026-01-28 20:30:00,4.0,4.43,4.29,4.0,4.26,4.141971,4.1254354,4.00358,4.027272
Gourami,2026-01-28 20:45:00,4.0,4.29,4.0,4.26,3.85,4.072033,4.031078,3.9093888,3.9413614
Gourami,2026-01-28 21:00:00,4.0,4.0,4.26,3.85,4.2,3.9382093,3.879174,3.7942004,3.825908
Gourami,2026-01-28 21:15:00,4.0,4.26,3.85,4.2,3.99,3.7148025,3.6863668,3.6270616,3.655489
Gourami,2026-01-28 21:30:00,4.0,3.85,4.2,3.99,3.8,3.5606701,3.5664017,3.4995298,3.5596137
Gourami,2026-01-28 21:45:00,4.0,4.2,3.99,3.8,3.94,3.4914982,3.4422143,3.4885678,3.4493299
Gourami,2026-01-28 22:00:00,4.0,3.99,3.8,3.94,4.03,3.4157984,3.3959706,3.414614,3.414042
Gourami,2026-01-28 22:15:00,4.0,3.8,3.94,4.03,3.96,3.481173,3.437338,3.4907846,3.4727292
Gourami,2026-01-28 22:30:00,4.0,3.94,4.03,3.96,3.15,3.516589,3.444981,3.5276368,3.478526
Gourami,2026-01-28 22:45:00,4.0,4.03,3.96,3.15,3.23,3.4968138,3.429146,3.5047495,3.460366
Nilem,2026-02-23 22:15:00,4.0,4.68,4.11,4.44,4.32,4.404364,4.3946624,4.3489547,4.342712
Nilem,2026-02-23 22:30:00,4.0,4.11,4.44,4.32,4.01,4.372319,4.3526635,4.3273077,4.341113
Nilem,2026-02-23 22:45:00,4.0,4.44,4.32,4.01,4.56,4.2083783,4.221494,4.221815,4.2617626
Nilem,2026-02-23 23:00:00,4.0,4.32,4.01,4.56,4.17,4.117307,4.136362,4.1295676,4.2009683
Nilem,2026-02-23 23:15:00,4.0,4.01,4.56,4.17,4.24,3.978824,4.0077934,3.9912705,4.0673923
Nilem,2026-02-23 23:30:00,4.0,4.56,4.17,4.24,4.84,3.889776,3.908198,3.878709,3.9963238
Nilem,2026-02-23 23:45:00,4.0,4.17,4.24,4.84,4.34,3.838844,3.8386915,3.82533,3.9186008
Nilem,2026-02-24 00:00:00,4.0,4.24,4.84,4.34,3.69,3.8000872,3.8044527,3.793081,3.8625598
Nilem,2026-02-24 00:15:00,4.0,4.84,4.34,3.69,3.04,3.7819583,3.8107073,3.7842472,3.8988175
Nilem,2026-02-24 00:30:00,4.0,4.34,3.69,3.04,3.89,3.941233,3.9287999,3.9477046,4.016888
Nilem,2026-02-24 00:45:00,4.0,3.69,3.04,3.89,3.98,3.91564,3.8831728,3.9344664,3.9790998
Nilem,2026-02-24 01:00:00,4.0,3.04,3.89,3.98,4.25,3.8671153,3.8447702,3.934934,3.9653294
Nilem,2026-02-24 01:15:00,4.0,3.89,3.98,4.25,3.89,3.7692778,3.778876,3.9090106,3.9338603
Nilem,2026-02-24 01:30:00,4.0,3.98,4.25,3.89,4.25,3.7848194,3.7335627,3.8887336,3.881452
Nilem,2026-02-24 01:45:00,4.0,4.25,3.89,4.25,4.39,3.802935,3.7360165,3.911437,3.8666437
Nilem,2026-02-24 02:00:00,4.0,3.89,4.25,4.39,4.54,3.799909,3.8036964,3.961329,3.9557452
Nilem,2026-02-24 02:15:00,4.0,4.25,4.39,4.54,4.71,3.9107597,3.8976667,4.0758195,4.0433416
Nilem,2026-02-24 02:30:00,4.0,4.39,4.54,4.71,4.83,3.8938286,3.9335353,4.0866423,4.099212
Nilem,2026-02-24 02:45:00,4.0,4.54,4.71,4.83,4.45,3.9893067,4.041621,4.162764,4.1899896
Nilem,2026-02-24 03:00:00,4.0,4.71,4.83,4.45,4.72,4.0748134,4.14,4.263219,4.315401
Nilem,2026-02-24 03:15:00,4.0,4.83,4.45,4.72,4.33,4.160227,4.171659,4.3289776,4.3616962
Nilem,2026-02-24 03:30:00,4.0,4.45,4.72,4.33,4.92,4.278249,4.294328,4.438379,4.470233
Nilem,2026-02-24 03:45:00,4.0,4.72,4.33,4.92,4.59,4.334427,4.3042135,4.4403057,4.4743094
Nilem,2026-02-24 04:00:00,4.0,4.33,4.92,4.59,5.08,4.395151,4.351189,4.465189,4.5138855
Nilem,2026-02-24 04:15:00,4.0,4.92,4.59,5.08,5.02,4.40697,4.381689,4.5089927,4.555424
Nilem,2026-02-24 04:30:00,4.0,4.59,5.08,5.02,5.09,4.4865794,4.47439,4.6180997,4.6395187
Nilem,2026-02-24 04:45:00,4.0,5.08,5.02,5.09,4.9,4.519365,4.5141635,4.6597624,4.6745777
Nilem,2026-02-24 05:00:00,4.0,5.02,5.09,4.9,5.07,4.5367584,4.511039,4.675262,4.658835
Nilem,2026-02-24 05:15:00,4.0,5.09,4.9,5.07,5.21,4.5971994,4.6151247,4.783154,4.8072085
Nilem,2026-02-24 05:30:00,4.0,4.9,5.07,5.21,5.34,4.6925535,4.7566857,4.91241,4.9992714
Nilem,2026-02-24 05:45:00,4.0,5.07,5.21,5.34,5.03,4.7294664,4.8444223,5.024874,5.107526
Nilem,2026-02-24 06:00:00,4.0,5.21,5.34,5.03,5.15,4.8878746,5.030824,5.1874795,5.3355036
Nilem,2026-02-24 06:15:00,4.0,5.34,5.03,5.15,6.0,4.994329,5.148085,5.305035,5.4605875
Nilem,2026-02-24 06:30:00,4.0,5.03,5.15,6.0,5.51,5.263001,5.362809,5.539973,5.6602974
Nilem,2026-02-24 06:45:00,4.0,5.15,6.0,5.51,5.4,5.3826733,5.48002,5.6202607,5.715538
Nilem,2026-02-24 07:00:00,4.0,6.0,5.51,5.4,5.71,5.499402,5.5660048,5.6465178,5.701234
Nilem,2026-02-24 07:15:00,4.0,5.51,5.4,5.71,5.68,5.668576,5.698094,5.7802014,5.790653
Nilem,2026-02-24 07:30:00,4.0,5.4,5.71,5.68,5.65,5.5351353,5.547724,5.7272286,5.617217
Nilem,2026-02-24 07:45:00,4.0,5.71,5.68,5.65,6.24,5.4766827,5.4710774,5.6784205,5.548789
Nilem,2026-02-24 08:00:00,4.0,5.68,5.65,6.24,6.18,5.5489035,5.521893,5.6878276,5.574067
Nilem,2026-02-24 08:15:00,4.0,5.65,6.24,6.18,5.81,5.5816426,5.549341,5.694487,5.6207733
Nilem,2026-02-24 08:30:00,4.0,6.24,6.18,5.81,5.89,5.7204857,5.6780133,5.799029,5.7624893
Nilem,2026-02-24 08:45:00,4.0,6.18,5.81,5.89,6.55,5.73452,5.712236,5.824478,5.7728395
Nilem,2026-02-24 09:00:00,4.0,5.81,5.89,6.55,5.93,5.785513,5.7534513,5.855673,5.8091955
Nilem,2026-02-24 09:15:00,4.0,5.89,6.55,5.93,6.56,5.818905,5.7889366,5.877366,5.8402224
Nilem,2026-02-24 09:30:00,4.0,6.55,5.93,6.56,6.04,5.8603005,5.83973,5.9153438,5.9029303
Nilem,2026-02-24 09:45:00,4.0,5.93,6.56,6.04,5.05,5.938549,5.914188,6.016314,5.9678917
Nilem,2026-02-24 10:00:00,4.0,6.56,6.04,5.05,6.07,5.9412174,5.92702,6.045752,5.9996796
Nilem,2026-02-24 10:15:00,4.0,6.04,5.05,6.07,5.86,6.0245075,6.007675,6.122947,6.0765533
Nilem,2026-02-24 10:30:00,4.0,5.05,6.07,5.86,6.04,6.0746355,6.057268,6.1485486,6.107934
Nilem,2026-02-24 10:45:00,4.0,6.07,5.86,6.04,6.19,5.9825907,5.977894,6.0770392,6.0032635
Nilem,2026-02-24 11:00:00,4.0,5.86,6.04,6.19,6.64,6.025456,6.014498,6.1548686,6.046629
Nilem,2026-02-24 11:15:00,4.0,6.04,6.19,6.64,6.53,6.070492,6.062204,6.162918,6.1165543
Nilem,2026-02-24 11:30:00,4.0,6.19,6.64,6.53,6.87,6.1244655,6.1101418,6.2250237,6.1595106
Nilem,2026-02-24 11:45:00,4.0,6.64,6.53,6.87,6.59,6.1086607,6.108952,6.24547,6.149317
Nilem,2026-02-24 12:00:00,4.0,6.53,6.87,6.59,5.8,6.1627083,6.1504083,6.268889,6.1880846
Nilem,2026-02-24 12:15:00,4.0,6.87,6.59,5.8,6.69,6.1795025,6.1681194,6.295429,6.2042036
Nilem,2026-02-24 12:30:00,4.0,6.59,5.8,6.69,6.93,6.223527,6.2208877,6.3539295,6.2586412
Nilem,2026-02-24 12:45:00,4.0,5.8,6.69,6.93,6.52,6.274865,6.2806344,6.3811345,6.3041663
Nilem,2026-02-24 13:00:00,4.0,6.69,6.93,6.52,6.87,6.23256,6.230701,6.354929,6.269966
Nilem,2026-02-24 13:15:00,4.0,6.93,6.52,6.87,6.34,6.318077,6.313576,6.4227595,6.3171787
Nilem,2026-02-24 13:30:00,4.0,6.52,6.87,6.34,6.57,6.3240223,6.3259163,6.4259925,6.33701
Nilem,2026-02-24 13:45:00,4.0,6.87,6.34,6.57,6.37,6.277262,6.2686834,6.3769546,6.3103905
Nilem,2026-02-24 14:00:00,4.0,6.34,6.57,6.37,6.09,6.349941,6.327083,6.4246526,6.3379765
Nilem,2026-02-24 14:15:00,4.0,6.57,6.37,6.09,6.26,6.345232,6.3210177,6.4365234,6.3451567
Nilem,2026-02-24 14:30:00,4.0,6.37,6.09,6.26,5.7,6.3067074,6.297337,6.4157605,6.3031425
Nilem,2026-02-24 14:45:00,4.0,6.09,6.26,5.7,6.54,6.3271704,6.329324,6.432421,6.3074093
Nilem,2026-02-24 15:00:00,4.0,6.26,5.7,6.54,6.27,6.378433,6.3696675,6.4316335,6.333784
Nilem,2026-02-24 15:15:00,4.0,5.7,6.54,6.27,5.47,6.327368,6.2973695,6.358151,6.262995
Nilem,2026-02-24 15:30:00,4.0,6.54,6.27,5.47,5.81,6.26691,6.231798,6.264647,6.2191896
Nilem,2026-02-24 15:45:00,4.0,6.27,5.47,5.81,6.03,6.267267,6.201985,6.2229285,6.1681805
Nilem,2026-02-24 16:00:00,4.0,5.47,5.81,6.03,5.98,6.131531,6.067141,6.1028767,6.0342007
Nilem,2026-02-24 16:15:00,4.0,5.81,6.03,5.98,5.86,5.902486,5.8441386,5.862676,5.8322344
Nilem,2026-02-24 16:30:00,4.0,6.03,5.98,5.86,5.89,5.819208,5.7741437,5.7748055,5.730865
Nilem,2026-02-24 16:45:00,4.0,5.98,5.86,5.89,5.42,5.7646246,5.715798,5.742434,5.652146
Nilem,2026-02-24 17:00:00,4.0,5.86,5.89,5.42,5.82,5.733075,5.673962,5.657396,5.5905495
Nilem,2026-02-24 17:15:00,4.0,5.89,5.42,5.82,5.3,5.61475,5.559157,5.5401673,5.490614
Nilem,2026-02-24 17:30:00,4.0,5.42,5.82,5.3,5.58,5.5719223,5.5004344,5.456717,5.3940325
Nilem,2026-02-24 17:45:00,4.0,5.82,5.3,5.58,5.4,5.4800043,5.3983316,5.394799,5.3236217
Nilem,2026-02-24 18:00:00,4.0,5.3,5.58,5.4,5.38,5.475569,5.3892374,5.3727226,5.2891707
Nilem,2026-02-24 18:15:00,4.0,5.58,5.4,5.38,5.74,5.3806877,5.2862744,5.276159,5.1946154
Nilem,2026-02-24 18:30:00,4.0,5.4,5.38,5.74,5.16,5.2975597,5.204201,5.2173123,5.1081104
Nilem,2026-02-24 18:45:00,4.0,5.38,5.74,5.16,4.96,5.201009,5.10374,5.105195,4.9942636
Nilem,2026-02-24 19:00:00,4.0,5.74,5.16,4.96,3.95,5.127963,5.0407376,5.046812,4.930022
Nilem,2026-02-24 19:15:00,4.0,5.16,4.96,3.95,5.05,5.0870333,4.997238,5.0106893,4.8740096
Nilem,2026-02-24 19:30:00,4.0,4.96,3.95,5.05,4.63,5.0114994,4.9336944,4.971012,4.81753
Nilem,2026-02-24 19:45:00,4.0,3.95,5.05,4.63,4.87,4.894718,4.7938104,4.8333955,4.672299
Nilem,2026-02-24 20:00:00,4.0,5.05,4.63,4.87,4.95,4.5777917,4.431275,4.5407596,4.3200936
Nilem,2026-02-24 20:15:00,4.0,4.63,4.87,4.95,4.28,4.55027,4.439696,4.5238414,4.3309617
Nilem,2026-02-24 20:30:00,4.0,4.87,4.95,4.28,5.35,4.5078077,4.4181767,4.46736,4.2722645
Nilem,2026-02-24 20:45:00,4.0,4.95,4.28,5.35,4.6,4.3627625,4.3152633,4.35969,4.218077
Nilem,2026-02-24 21:00:00,4.0,4.28,5.35,4.6,4.5,4.374425,4.3805075,4.3680377,4.259314
Nilem,2026-02-24 21:15:00,4.0,5.35,4.6,4.5,4.45,4.383481,4.415263,4.3928666,4.2970743
Nilem,2026-02-24 21:30:00,4.0,4.6,4.5,4.45,4.7,4.4417906,4.465013,4.396524,4.31414
Nilem,2026-02-24 21:45:00,4.0,4.5,4.45,4.7,4.38,4.384963,4.431804,4.3740726,4.3193855
Nilem,2026-02-24 22:00:00,4.0,4.45,4.7,4.38,4.05,4.298099,4.3342066,4.3104005,4.290135
Nilem,2026-02-24 22:15:00,4.0,4.7,4.38,4.05,3.73,4.2320642,4.2589808,4.2411633,4.2343073
Nilem,2026-02-24 22:30:00,4.0,4.38,4.05,3.73,3.02,4.0618305,4.0762515,4.0441766,4.082516
Nilem,2026-02-24 22:45:00,4.0,4.05,3.73,3.02,3.93,3.9810169,3.9641278,3.9479384,3.9797554
Nilem,2026-02-24 23:00:00,4.0,3.73,3.02,3.93,3.93,3.7800167,3.7934654,3.8071604,3.85026
Nilem,2026-02-24 23:15:00,4.0,3.02,3.93,3.93,4.38,3.6593747,3.6270335,3.7195761,3.7322693
Nilem,2026-02-24 23:30:00,4.0,3.93,3.93,4.38,3.58,3.6188967,3.653294,3.7265542,3.7606957
Nilem,2026-02-24 23:45:00,4.0,3.93,4.38,3.58,3.88,3.648907,3.6622455,3.7388053,3.756881
Nilem,2026-02-25 00:00:00,4.0,4.38,3.58,3.88,4.28,3.703341,3.6988413,3.8259578,3.8025565
Nilem,2026-02-25 00:15:00,4.0,3.58,3.88,4.28,3.91,3.7234862,3.730243,3.8459983,3.8385062
Nilem,2026-02-25 00:30:00,4.0,3.88,4.28,3.91,3.49,3.7268927,3.699857,3.8547606,3.806125
Nilem,2026-02-25 00:45:00,4.0,4.28,3.91,3.49,4.45,3.7078984,3.6836026,3.8067436,3.7530737
Nilem,2026-02-25 01:00:00,4.0,3.91,3.49,4.45,4.38,3.7217882,3.751764,3.8258748,3.8270385
Nilem,2026-02-25 01:15:00,4.0,3.49,4.45,4.38,4.14,3.785587,3.780698,3.8806105,3.8661332
Nilem,2026-02-25 01:30:00,4.0,4.45,4.38,4.14,4.56,3.8231773,3.8353517,3.9507995,3.9320264
Nilem,2026-02-25 01:45:00,4.0,4.38,4.14,4.56,3.98,3.921015,3.9910057,4.0860662,4.1124287
Nilem,2026-02-25 02:00:00,4.0,4.14,4.56,3.98,4.28,4.001523,4.1089435,4.2086434,4.2365913
Nilem,2026-02-25 02:15:00,4.0,4.56,3.98,4.28,4.7,4.0784936,4.1927767,4.2926636,4.3578453
Nilem,2026-02-25 02:30:00,4.0,3.98,4.28,4.7,4.37,4.0825458,4.1385245,4.287312,4.3678184
Nilem,2026-02-25 02:45:00,4.0,4.28,4.7,4.37,4.83,4.08738,4.103799,4.281847,4.288708
Nilem,2026-02-25 03:00:00,4.0,4.7,4.37,4.83,4.22,4.108745,4.134228,4.287916,4.3234367
Nilem,2026-02-25 03:15:00,4.0,4.37,4.83,4.22,4.43,4.2491465,4.216705,4.361364,4.3941383
Nilem,2026-02-25 03:30:00,4.0,4.83,4.22,4.43,4.81,4.2463703,4.2226095,4.4160833,4.425501
Nilem,2026-02-25 03:45:00,4.0,4.22,4.43,4.81,4.86,4.3448653,4.3460684,4.543438,4.543845
Nilem,2026-02-25 04:00:00,4.0,4.43,4.81,4.86,4.82,4.3592334,4.3811564,4.5945644,4.578391
Nilem,2026-02-25 04:15:00,4.0,4.81,4.86,4.82,4.56,4.43248,4.437989,4.647165,4.6334486
Nilem,2026-02-25 04:30:00,4.0,4.86,4.82,4.56,4.68,4.482562,4.5337014,4.747549,4.7364902
Nilem,2026-02-25 04:45:00,4.0,4.82,4.56,4.68,5.11,4.5794463,4.589852,4.813032,4.785638
Nilem,2026-02-25 05:00:00,4.0,4.56,4.68,5.11,4.88,4.657595,4.6627893,4.867225,4.850692
Nilem,2026-02-25 05:15:00,4.0,4.68,5.11,4.88,5.41,4.708913,4.712884,4.917088,4.9027605
Nilem,2026-02-25 05:30:00,4.0,5.11,4.88,5.41,5.23,4.740301,4.738266,4.954117,4.928079
Nilem,2026-02-25 05:45:00,4.0,4.88,5.41,5.23,5.54,4.7326818,4.6683183,4.9006352,4.8505487
Nilem,2026-02-25 06:00:00,4.0,5.41,5.23,5.54,5.71,4.7480116,4.732793,4.9597797,4.934801
Nilem,2026-02-25 06:15:00,4.0,5.23,5.54,5.71,5.48,4.787454,4.7807455,4.9606323,4.9832573
Nilem,2026-02-25 06:30:00,4.0,5.54,5.71,5.48,5.7,4.7864876,4.8354826,5.039791,5.086358
Nilem,2026-02-25 06:45:00,4.0,5.71,5.48,5.7,4.48,4.8543344,4.9679694,5.13193,5.2402816
Nilem,2026-02-25 07:00:00,4.0,5.48,5.7,4.48,5.6,5.1187434,5.218374,5.362117,5.4507046
Nilem,2026-02-25 07:15:00,4.0,5.7,4.48,5.6,6.13,5.4927983,5.594748,5.7200446,5.7642
Nilem,2026-02-25 07:30:00,4.0,4.48,5.6,6.13,5.93,5.638996,5.714524,5.8302054,5.8228226
Nilem,2026-02-25 07:45:00,4.0,5.6,6.13,5.93,5.89,5.5339556,5.5684104,5.7837987,5.68486
Nilem,2026-02-25 08:00:00,4.0,6.13,5.93,5.89,5.71,5.591465,5.592196,5.7893796,5.6639166
Nilem,2026-02-25 08:15:00,4.0,5.93,5.89,5.71,5.96,5.558883,5.5680995,5.8072786,5.658706
Nilem,2026-02-25 08:30:00,4.0,5.89,5.71,5.96,5.9,5.726042,5.7138095,5.9325767,5.7838354
Nilem,2026-02-25 08:45:00,4.0,5.71,5.96,5.9,6.36,5.677313,5.675978,5.823042,5.7827387
Nilem,2026-02-25 09:00:00,4.0,5.96,5.9,6.36,6.01,5.8505044,5.8485527,6.003815,5.957423
Nilem,2026-02-25 09:15:00,4.0,5.9,6.36,6.01,6.06,5.8906136,5.918695,6.067283,6.01861
Nilem,2026-02-25 09:30:00,4.0,6.36,6.01,6.06,6.68,5.93736,5.956871,6.0961204,6.043754
Nilem,2026-02-25 09:45:00,4.0,6.01,6.06,6.68,6.28,6.031809,6.053202,6.1881204,6.14263
Nilem,2026-02-25 10:00:00,4.0,6.06,6.68,6.28,6.13,6.0638456,6.0670524,6.2107606,6.139285
Nilem,2026-02-25 10:15:00,4.0,6.68,6.28,6.13,6.64,6.1570754,6.1477885,6.285493,6.2445803
Nilem,2026-02-25 10:30:00,4.0,6.28,6.13,6.64,6.28,6.2022877,6.193232,6.339584,6.2600613
Nilem,2026-02-25 10:45:00,4.0,6.13,6.64,6.28,6.61,6.209245,6.207099,6.3549447,6.2759037
Nilem,2026-02-25 11:00:00,4.0,6.64,6.28,6.61,6.63,6.2428694,6.2295866,6.3779926,6.2951756
Nilem,2026-02-25 11:15:00,4.0,6.28,6.61,6.63,6.76,6.2941084,6.2904534,6.419995,6.342159
Nilem,2026-02-25 11:30:00,4.0,6.61,6.63,6.76,7.04,6.3036165,6.2910404,6.4179635,6.33561
Nilem,2026-02-25 11:45:00,4.0,6.63,6.76,7.04,6.26,6.331583,6.319036,6.4430137,6.3556848
Nilem,2026-02-25 12:00:00,4.0,6.76,7.04,6.26,6.7,6.2973647,6.2865076,6.4105706,6.319173
Nilem,2026-02-25 12:15:00,4.0,7.04,6.26,6.7,6.77,6.38272,6.3779597,6.4982934,6.402525
Nilem,2026-02-25 12:30:00,4.0,6.26,6.7,6.77,6.12,6.406555,6.39033,6.510361,6.440218
Nilem,2026-02-25 12:45:00,4.0,6.7,6.77,6.12,6.47,6.3887744,6.36746,6.5031,6.431552
Nilem,2026-02-25 13:00:00,4.0,6.77,6.12,6.47,6.91,6.3684607,6.3503466,6.4830966,6.414627
Nilem,2026-02-25 13:15:00,4.0,6.12,6.47,6.91,6.25,6.3432703,6.3350058,6.494928,6.3744698
Nilem,2026-02-25 13:30:00,4.0,6.47,6.91,6.25,6.73,6.3612804,6.366774,6.506095,6.4182463
Nilem,2026-02-25 13:45:00,4.0,6.91,6.25,6.73,6.6,6.374753,6.338775,6.512133,6.414257
Nilem,2026-02-25 14:00:00,4.0,6.25,6.73,6.6,6.3,6.450417,6.4268327,6.553782,6.4420877
Nilem,2026-02-25 14:15:00,4.0,6.73,6.6,6.3,6.39,6.4970098,6.4530215,6.5715847,6.4922805
Nilem,2026-02-25 14:30:00,4.0,6.6,6.3,6.39,6.03,6.457168,6.4242635,6.5353637,6.4337406
Nilem,2026-02-25 14:45:00,4.0,6.3,6.39,6.03,6.26,6.507932,6.4790134,6.569752,6.4519415
Nilem,2026-02-25 15:00:00,4.0,6.39,6.03,6.26,6.08,6.413123,6.369986,6.452319,6.34996
Nilem,2026-02-25 15:15:00,4.0,6.03,6.26,6.08,6.23,6.4056683,6.3446355,6.403478,6.2950487
Nilem,2026-02-25 15:30:00,4.0,6.26,6.08,6.23,6.5,6.293147,6.241009,6.262786,6.198104
Nilem,2026-02-25 15:45:00,4.0,6.08,6.23,6.5,6.61,6.2341304,6.171886,6.1824183,6.095707
Nilem,2026-02-25 16:00:00,4.0,6.23,6.5,6.61,6.08,6.154604,6.078384,6.0938897,6.0054626
Nilem,2026-02-25 16:15:00,4.0,6.5,6.61,6.08,5.63,6.031961,5.9400277,5.935581,5.8605556
Nilem,2026-02-25 16:30:00,4.0,6.61,6.08,5.63,5.92,5.9340982,5.8630714,5.8439884,5.7536516
Nilem,2026-02-25 16:45:00,4.0,6.08,5.63,5.92,5.6,5.907549,5.8444495,5.808811,5.702482
Nilem,2026-02-25 17:00:00,4.0,5.63,5.92,5.6,5.9,5.8754587,5.803372,5.7693305,5.676715
Nilem,2026-02-25 17:15:00,4.0,5.92,5.6,5.9,6.2,5.7364764,5.6699796,5.6790314,5.555002
Nilem,2026-02-25 17:30:00,4.0,5.6,5.9,6.2,4.88,5.7177505,5.629621,5.622757,5.5041304
Nilem,2026-02-25 17:45:00,4.0,5.9,6.2,4.88,5.37,5.6188145,5.525376,5.5167584,5.4101024
Nilem,2026-02-25 18:00:00,4.0,6.2,4.88,5.37,5.53,5.5336394,5.4360948,5.427826,5.3379583
Nilem,2026-02-25 18:15:00,4.0,4.88,5.37,5.53,5.09,5.459152,5.3704495,5.3593526,5.250614
Nilem,2026-02-25 18:30:00,4.0,5.37,5.53,5.09,5.28,5.314787,5.229442,5.259372,5.1043677
Nilem,2026-02-25 18:45:00,4.0,5.53,5.09,5.28,5.69,5.1767306,5.0923996,5.125946,4.9687414
Nilem,2026-02-25 19:00:00,4.0,5.09,5.28,5.69,4.72,5.0880036,5.0229163,5.0482125,4.8828287
Nilem,2026-02-25 19:15:00,4.0,5.28,5.69,4.72,4.83,5.1107225,5.0358753,5.0224733,4.90891
Nilem,2026-02-25 19:30:00,4.0,5.69,4.72,4.83,5.11,5.0693707,4.9829288,4.936275,4.8937263
Nilem,2026-02-25 19:45:00,4.0,4.72,4.83,5.11,5.23,5.0164022,4.91768,4.9107895,4.789981
Nilem,2026-02-25 20:00:00,4.0,4.83,5.11,5.23,4.37,4.873451,4.7453847,4.7658725,4.6129417
Nilem,2026-02-25 20:15:00,4.0,5.11,5.23,4.37,4.55,4.6497602,4.5217137,4.540315,4.3865433
Nilem,2026-02-25 20:30:00,4.0,5.23,4.37,4.55,5.08,4.537391,4.4179497,4.444141,4.3089037
Nilem,2026-02-25 20:45:00,4.0,4.37,4.55,5.08,4.86,4.5907507,4.4762383,4.4870605,4.353361
Nilem,2026-02-25 21:00:00,4.0,4.55,5.08,4.86,4.59,4.423857,4.3097997,4.3377786,4.1980844
Nilem,2026-02-25 21:15:00,4.0,5.08,4.86,4.59,3.53,4.3276753,4.202181,4.22898,4.0848703
Nilem,2026-02-25 21:30:00,4.0,4.86,4.59,3.53,4.47,4.3227444,4.2135053,4.2482615,4.099882
Nilem,2026-02-25 21:45:00,4.0,4.59,3.53,4.47,3.5,4.3979855,4.302791,4.2947206,4.1888323
Nilem,2026-02-25 22:00:00,4.0,3.53,4.47,3.5,4.35,4.295786,4.2274323,4.2055345,4.1363363
Nilem,2026-02-25 22:15:00,4.0,4.47,3.5,4.35,4.68,4.114561,4.062447,4.144228,4.0899096
Nilem,2026-02-25 22:30:00,4.0,3.5,4.35,4.68,4.14,4.0528417,4.068223,4.1058216,4.1151834
Nilem,2026-02-25 22:45:00,4.0,4.35,4.68,4.14,4.32,3.936725,3.941632,4.025277,4.0361376
Tilapia,2026-02-09 22:15:00,4.0,3.42,2.59,3.57,2.99,3.6443515,3.6289923,3.68352,3.6952157
Tilapia,2026-02-09 22:30:00,4.0,2.59,3.57,2.99,4.44,3.6295035,3.5842726,3.7202454,3.689404
Tilapia,2026-02-09 22:45:00,4.0,3.57,2.99,4.44,3.89,3.5902169,3.5519326,3.6895738,3.6438956
Tilapia,2026-02-09 23:00:00,4.0,2.99,4.44,3.89,3.54,3.496497,3.4769852,3.5930998,3.5665755
Tilapia,2026-02-09 23:15:00,4.0,4.44,3.89,3.54,3.3,3.4145486,3.4182277,3.5305884,3.5121021
Tilapia,2026-02-09 23:30:00,4.0,3.89,3.54,3.3,4.04,3.413811,3.4190028,3.5284443,3.5169797
Tilapia,2026-02-09 23:45:00,4.0,3.54,3.3,4.04,3.17,3.4929898,3.5018847,3.6120987,3.5970306
Tilapia,2026-02-10 00:00:00,4.0,3.3,4.04,3.17,4.11,3.4119046,3.423999,3.5277624,3.519854
Tilapia,2026-02-10 00:15:00,4.0,4.04,3.17,4.11,4.02,3.324868,3.341571,3.4389756,3.4391918
Tilapia,2026-02-10 00:30:00,4.0,3.17,4.11,4.02,3.93,3.2494981,3.2716038,3.3750389,3.3736157
Tilapia,2026-02-10 00:45:00,4.0,4.11,4.02,3.93,4.27,3.3200233,3.3178384,3.478785,3.427526
Tilapia,2026-02-10 01:00:00,4.0,4.02,3.93,4.27,3.69,3.4034805,3.4123242,3.575212,3.5588484
Tilapia,2026-02-10 01:15:00,4.0,3.93,4.27,3.69,3.66,3.501417,3.4952085,3.7103763,3.677351
Tilapia,2026-02-10 01:30:00,4.0,4.27,3.69,3.66,3.68,3.6359017,3.6231039,3.809982,3.7635498
Tilapia,2026-02-10 01:45:00,4.0,3.69,3.66,3.68,4.02,3.619037,3.6338575,3.8583722,3.846541
Tilapia,2026-02-10 02:00:00,4.0,3.66,3.68,4.02,4.14,3.6831248,3.6940324,3.9229417,3.8667803
Tilapia,2026-02-10 02:15:00,4.0,3.68,4.02,4.14,4.07,3.7194965,3.7314968,3.9550192,3.888288
Tilapia,2026-02-10 02:30:00,4.0,4.02,4.14,4.07,4.12,3.7800248,3.8040283,4.01785,3.9455004
Tilapia,2026-02-10 02:45:00,4.0,4.14,4.07,4.12,4.11,3.8222253,3.861335,4.0680494,4.0444274
Tilapia,2026-02-10 03:00:00,4.0,4.07,4.12,4.11,3.79,3.9094841,3.980559,4.1792054,4.1616936
Tilapia,2026-02-10 03:15:00,4.0,4.12,4.11,3.79,4.66,3.9140816,4.0098486,4.1800733,4.1938004
Tilapia,2026-02-10 03:30:00,4.0,4.11,3.79,4.66,4.22,4.0121865,4.100066,4.2711296,4.2963943
Tilapia,2026-02-10 03:45:00,4.0,3.79,4.66,4.22,4.53,4.020114,4.1374445,4.29698,4.3442097
Tilapia,2026-02-10 04:00:00,4.0,4.66,4.22,4.53,4.5,4.0803285,4.1272435,4.3580976,4.3243756
Tilapia,2026-02-10 04:15:00,4.0,4.22,4.53,4.5,4.93,4.165269,4.2244153,4.4743433,4.4196258
Tilapia,2026-02-10 04:30:00,4.0,4.53,4.5,4.93,4.8,4.1915584,4.2384553,4.5057964,4.4345245
Tilapia,2026-02-10 04:45:00,4.0,4.5,4.93,4.8,4.8,4.45733,4.4665456,4.6950617,4.6555576
Tilapia,2026-02-10 05:00:00,4.0,4.93,4.8,4.8,4.56,4.451741,4.4861293,4.681522,4.6939588
Tilapia,2026-02-10 05:15:00,4.0,4.8,4.8,4.56,4.93,4.590045,4.6129727,4.795909,4.8130445
Tilapia,2026-02-10 05:30:00,4.0,4.8,4.56,4.93,5.09,4.63875,4.6831594,4.8644576,4.884904
Tilapia,2026-02-10 05:45:00,4.0,4.56,4.93,5.09,4.67,4.6577396,4.670423,4.824012,4.818694
Tilapia,2026-02-10 06:00:00,4.0,4.93,5.09,4.67,5.38,4.7483287,4.7887917,4.9389377,4.958351
Tilapia,2026-02-10 06:15:00,4.0,5.09,4.67,5.38,5.26,4.828,4.8673515,5.0225224,5.0398884
Tilapia,2026-02-10 06:30:00,4.0,4.67,5.38,5.26,5.15,4.890888,4.9617805,5.0815883,5.1518583
Tilapia,2026-02-10 06:45:00,4.0,5.38,5.26,5.15,5.34,5.0337696,5.0928025,5.2424884,5.283716
Tilapia,2026-02-10 07:00:00,4.0,5.26,5.15,5.34,5.7,5.0081387,5.150679,5.232949,5.3656383
Tilapia,2026-02-10 07:15:00,4.0,5.15,5.34,5.7,5.65,5.127792,5.349423,5.412679,5.562194
Tilapia,2026-02-10 07:30:00,4.0,5.34,5.7,5.65,5.85,5.3135395,5.495749,5.600091,5.669073
Tilapia,2026-02-10 07:45:00,4.0,5.7,5.65,5.85,5.79,5.430546,5.5442467,5.68103,5.6729016
Tilapia,2026-02-10 08:00:00,4.0,5.65,5.85,5.79,5.62,5.501399,5.589328,5.767079,5.7330685
Tilapia,2026-02-10 08:15:00,4.0,5.85,5.79,5.62,5.8,5.5890017,5.631831,5.816074,5.7665367
Tilapia,2026-02-10 08:30:00,4.0,5.79,5.62,5.8,5.81,5.715953,5.74083,5.904486,5.8348165
Tilapia,2026-02-10 08:45:00,4.0,5.62,5.8,5.81,5.9,5.786108,5.805426,5.9633136,5.8714733
Tilapia,2026-02-10 09:00:00,4.0,5.8,5.81,5.9,6.05,5.726139,5.73879,5.87371,5.7882814
Tilapia,2026-02-10 09:15:00,4.0,5.81,5.9,6.05,5.8,5.807715,5.8307786,5.9857354,5.874715
Tilapia,2026-02-10 09:30:00,4.0,5.9,6.05,5.8,6.33,5.887479,5.909332,6.0608783,5.958466
Tilapia,2026-02-10 09:45:00,4.0,6.05,5.8,6.33,5.98,5.9731035,5.990925,6.1478977,6.072547
Tilapia,2026-02-10 10:00:00,4.0,5.8,6.33,5.98,6.12,6.006916,5.9911184,6.139995,6.1046023
Tilapia,2026-02-10 10:15:00,4.0,6.33,5.98,6.12,6.51,6.1049347,6.0902658,6.238536,6.2168984
Tilapia,2026-02-10 10:30:00,4.0,5.98,6.12,6.51,6.27,6.1333003,6.1086483,6.256596,6.2340527
Tilapia,2026-02-10 10:45:00,4.0,6.12,6.51,6.27,6.11,6.1618614,6.134402,6.285174,6.2808537
Tilapia,2026-02-10 11:00:00,4.0,6.51,6.27,6.11,6.17,6.189928,6.1525455,6.295238,6.285679
Tilapia,2026-02-10 11:15:00,4.0,6.27,6.11,6.17,6.71,6.1811876,6.1512036,6.266625,6.2308226
Tilapia,2026-02-10 11:30:00,4.0,6.11,6.17,6.71,6.58,6.156925,6.1319003,6.250074,6.2115984
Tilapia,2026-02-10 11:45:00,4.0,6.17,6.71,6.58,5.96,6.1880283,6.149956,6.2701187,6.2531195
Tilapia,2026-02-10 12:00:00,4.0,6.71,6.58,5.96,5.87,6.1967125,6.152616,6.273068,6.2558203
Tilapia,2026-02-10 12:15:00,4.0,6.58,5.96,5.87,6.28,6.235488,6.1865873,6.3085914,6.2591343
Tilapia,2026-02-10 12:30:00,4.0,5.96,5.87,6.28,5.98,6.183469,6.1300817,6.257779,6.2086935
Tilapia,2026-02-10 12:45:00,4.0,5.87,6.28,5.98,6.19,6.111041,6.060085,6.1968083,6.1666203
Tilapia,2026-02-10 13:00:00,4.0,6.28,5.98,6.19,6.49,6.0959272,6.052047,6.2033787,6.167672
Tilapia,2026-02-10 13:15:00,4.0,5.98,6.19,6.49,6.2,6.180065,6.117753,6.277532,6.1987734
Tilapia,2026-02-10 13:30:00,4.0,6.19,6.49,6.2,6.14,6.1850586,6.1095767,6.245752,6.1989946
Tilapia,2026-02-10 13:45:00,4.0,6.49,6.2,6.14,6.17,6.163311,6.0662274,6.167125,6.1578913
Tilapia,2026-02-10 14:00:00,4.0,6.2,6.14,6.17,5.73,6.2279177,6.1434655,6.2424808,6.1756244
Tilapia,2026-02-10 14:15:00,4.0,6.14,6.17,5.73,5.61,6.1758356,6.07985,6.165771,6.1441574
Tilapia,2026-02-10 14:30:00,4.0,6.17,5.73,5.61,6.19,6.1642094,6.089764,6.1719613,6.1163635
Tilapia,2026-02-10 14:45:00,4.0,5.73,5.61,6.19,5.79,6.2492847,6.1724963,6.2313294,6.162467
Tilapia,2026-02-10 15:00:00,4.0,5.61,6.19,5.79,5.79,6.109173,6.0151834,6.0569415,6.039853
Tilapia,2026-02-10 15:15:00,4.0,6.19,5.79,5.79,5.78,6.06056,5.979905,6.0048747,6.0102367
Tilapia,2026-02-10 15:30:00,4.0,5.79,5.79,5.78,5.89,6.002732,5.8982406,5.8703938,5.8810835
Tilapia,2026-02-10 15:45:00,4.0,5.79,5.78,5.89,4.47,5.899725,5.780458,5.71809,5.7100906
Tilapia,2026-02-10 16:00:00,4.0,5.78,5.89,4.47,5.26,5.7678185,5.6230583,5.53974,5.5403066
Tilapia,2026-02-10 16:15:00,4.0,5.89,4.47,5.26,5.3,5.6937237,5.541841,5.451646,5.4231825
Tilapia,2026-02-10 16:30:00,4.0,4.47,5.26,5.3,5.28,5.685887,5.540689,5.4369025,5.3832293
Tilapia,2026-02-10 16:45:00,4.0,5.26,5.3,5.28,4.22,4.944269,4.777744,4.7427344,4.773443
Tilapia,2026-02-10 17:00:00,4.0,5.3,5.28,4.22,4.79,4.8202386,4.6709027,4.576279,4.647003
Tilapia,2026-02-10 17:15:00,4.0,5.28,4.22,4.79,5.07,4.832794,4.710402,4.613912,4.6375313
Tilapia,2026-02-10 17:30:00,4.0,4.22,4.79,5.07,4.98,4.9530153,4.8290305,4.70115,4.7456026
Tilapia,2026-02-10 17:45:00,4.0,4.79,5.07,4.98,5.2,4.5737085,4.4279895,4.2983513,4.3942504
Tilapia,2026-02-10 18:00:00,4.0,5.07,4.98,5.2,4.74,4.361349,4.2447925,4.1007085,4.220051
Tilapia,2026-02-10 18:15:00,4.0,4.98,5.2,4.74,4.42,4.4019933,4.2975864,4.171273,4.248638
Tilapia,2026-02-10 18:30:00,4.0,5.2,4.74,4.42,4.15,4.3729467,4.278594,4.1807947,4.236294
Tilapia,2026-02-10 18:45:00,4.0,4.74,4.42,4.15,4.44,4.3612103,4.2934647,4.1331553,4.2314215
Tilapia,2026-02-10 19:00:00,4.0,4.42,4.15,4.44,4.99,4.4137263,4.3452315,4.1841855,4.2574754
Tilapia,2026-02-10 19:15:00,4.0,4.15,4.44,4.99,5.19,4.379115,4.28235,4.1503,4.1779866
Tilapia,2026-02-10 19:30:00,4.0,4.44,4.99,5.19,4.47,4.356943,4.2836537,4.1737857,4.1869936
Tilapia,2026-02-10 19:45:00,4.0,4.99,5.19,4.47,4.76,4.1720557,4.1623363,4.0465584,4.0956197
Tilapia,2026-02-10 20:00:00,4.0,5.19,4.47,4.76,3.95,4.300974,4.2790594,4.148172,4.1794367
Tilapia,2026-02-10 20:15:00,4.0,4.47,4.76,3.95,4.69,4.2604117,4.2323947,4.040234,4.0613136
Tilapia,2026-02-10 20:30:00,4.0,4.76,3.95,4.69,4.22,4.087396,4.097698,3.9277809,3.974636
Tilapia,2026-02-10 20:45:00,4.0,3.95,4.69,4.22,4.46,4.0462317,4.027052,3.9202204,3.9294677
Tilapia,2026-02-10 21:00:00,4.0,4.69,4.22,4.46,5.12,4.0407524,3.9614685,4.045344,3.9146476
Tilapia,2026-02-10 21:15:00,4.0,4.22,4.46,5.12,4.6,3.9525063,3.8999405,3.899377,3.851303
Tilapia,2026-02-10 21:30:00,4.0,4.46,5.12,4.6,4.14,3.9062378,3.8680193,3.9014955,3.8460534
Tilapia,2026-02-10 21:45:00,4.0,5.12,4.6,4.14,3.23,3.9159248,3.8668349,3.917524,3.8827815
Tilapia,2026-02-10 22:00:00,4.0,4.6,4.14,3.23,4.36,3.8825133,3.8370917,3.8205135,3.821808
Tilapia,2026-02-10 22:15:00,4.0,4.14,3.23,4.36,4.1,3.835612,3.7981236,3.8616657,3.831116
Tilapia,2026-02-10 22:30:00,4.0,3.23,4.36,4.1,4.14,3.743048,3.7265632,3.820732,3.8105645
Tilapia,2026-02-10 22:45:00,4.0,4.36,4.1,4.14,3.73,3.7268817,3.697572,3.844836,3.7995234
Tilapia,2026-02-10 23:00:00,4.0,4.1,4.14,3.73,4.02,3.6672068,3.6157649,3.7215626,3.7318506
Tilapia,2026-02-10 23:15:00,4.0,4.14,3.73,4.02,3.95,3.6138918,3.561397,3.6905847,3.7052732
Tilapia,2026-02-10 23:30:00,4.0,3.73,4.02,3.95,4.17,3.6092522,3.5391922,3.714234,3.7017803
Tilapia,2026-02-10 23:45:00,4.0,4.02,3.95,4.17,4.3,3.633234,3.5614016,3.7714903,3.7307224
Tilapia,2026-02-11 00:00:00,4.0,3.95,4.17,4.3,4.43,3.651552,3.5946069,3.7911794,3.768366
Tilapia,2026-02-11 00:15:00,4.0,4.17,4.3,4.43,4.11,3.7086985,3.6520534,3.8539302,3.8029375
Tilapia,2026-02-11 00:30:00,4.0,4.3,4.43,4.11,3.95,3.7029483,3.662063,3.8698246,3.8297145
Tilapia,2026-02-11 00:45:00,4.0,4.43,4.11,3.95,3.49,3.8021495,3.7379081,3.9805095,3.9415348
Tilapia,2026-02-11 01:00:00,4.0,4.11,3.95,3.49,3.61,3.8919199,3.8714678,4.0864153,4.058478
Tilapia,2026-02-11 01:15:00,4.0,3.95,3.49,3.61,4.04,3.8657262,3.8633199,4.061896,4.031273
Tilapia,2026-02-11 01:30:00,4.0,3.49,3.61,4.04,3.86,3.8904457,3.8755264,4.0867505,4.033916
Tilapia,2026-02-11 01:45:00,4.0,3.61,4.04,3.86,4.06,3.8469782,3.8552523,4.074495,4.0114355
Tilapia,2026-02-11 02:00:00,4.0,4.04,3.86,4.06,4.11,3.8867137,3.862859,4.0878572,4.01374
Tilapia,2026-02-11 02:15:00,4.0,3.86,4.06,4.11,4.41,3.9042916,3.8791907,4.111545,4.038418
Tilapia,2026-02-11 02:30:00,4.0,4.06,4.11,4.41,4.33,3.961766,3.9525034,4.2054887,4.1138453
Tilapia,2026-02-11 02:45:00,4.0,4.11,4.41,4.33,4.04,3.9327285,3.952137,4.1961813,4.133717
Tilapia,2026-02-11 03:00:00,4.0,4.41,4.33,4.04,4.58,3.9880123,4.0015216,4.2276335,4.197823
Tilapia,2026-02-11 03:15:00,4.0,4.33,4.04,4.58,4.68,4.029799,4.028005,4.269193,4.220578
Tilapia,2026-02-11 03:30:00,4.0,4.04,4.58,4.68,4.41,4.0233626,4.059082,4.2703404,4.268717
Tilapia,2026-02-11 03:45:00,4.0,4.58,4.68,4.41,4.72,4.077657,4.1149607,4.334197,4.3347616
Tilapia,2026-02-11 04:00:00,4.0,4.68,4.41,4.72,4.16,4.159479,4.184029,4.3905,4.3928137
Tilapia,2026-02-11 04:15:00,4.0,4.41,4.72,4.16,4.42,4.264163,4.282616,4.4981275,4.486138
Tilapia,2026-02-11 04:30:00,4.0,4.72,4.16,4.42,5.09,4.3487988,4.3554926,4.574053,4.560693
Tilapia,2026-02-11 04:45:00,4.0,4.16,4.42,5.09,4.84,4.4631147,4.484383,4.639658,4.6775103
Tilapia,2026-02-11 05:00:00,4.0,4.42,5.09,4.84,5.11,4.514497,4.5307,4.7097406,4.7204075
Tilapia,2026-02-11 05:15:00,4.0,5.09,4.84,5.11,5.04,4.5120893,4.5440564,4.7202883,4.7491245
Tilapia,2026-02-11 05:30:00,4.0,4.84,5.11,5.04,5.03,4.576084,4.600913,4.7664638,4.7852335
Tilapia,2026-02-11 05:45:00,4.0,5.11,5.04,5.03,4.92,4.632845,4.655912,4.84943,4.837688
Tilapia,2026-02-11 06:00:00,4.0,5.04,5.03,4.92,5.62,4.6657543,4.716138,4.864463,4.8847494
Tilapia,2026-02-11 06:15:00,4.0,5.03,4.92,5.62,4.79,4.7632046,4.9265084,5.0020227,5.1541185
Tilapia,2026-02-11 06:30:00,4.0,4.92,5.62,4.79,5.43,4.946396,5.112508,5.1797013,5.356282
Tilapia,2026-02-11 06:45:00,4.0,5.62,4.79,5.43,5.44,5.108517,5.2732453,5.364519,5.5344133
Tilapia,2026-02-11 07:00:00,4.0,4.79,5.43,5.44,6.07,5.3807497,5.465766,5.5682373,5.6426115
Tilapia,2026-02-11 07:15:00,4.0,5.43,5.44,6.07,5.55,5.2699747,5.355987,5.518947,5.567914
Tilapia,2026-02-11 07:30:00,4.0,5.44,6.07,5.55,5.44,5.2967434,5.362446,5.4964232,5.520832
Tilapia,2026-02-11 07:45:00,4.0,6.07,5.55,5.44,5.1,5.3234143,5.357797,5.4958467,5.4893503
Tilapia,2026-02-11 08:00:00,4.0,5.55,5.44,5.1,5.91,5.4248877,5.4278054,5.589298,5.5345707
Tilapia,2026-02-11 08:15:00,4.0,5.44,5.1,5.91,5.68,5.4451885,5.4285164,5.614183,5.518795
Tilapia,2026-02-11 08:30:00,4.0,5.1,5.91,5.68,5.51,5.5556374,5.5558,5.73058,5.5945554
Tilapia,2026-02-11 08:45:00,4.0,5.91,5.68,5.51,5.97,5.611617,5.617512,5.8067145,5.655842
Tilapia,2026-02-11 09:00:00,4.0,5.68,5.51,5.97,5.57,5.730668,5.7313848,5.886538,5.7886057
Tilapia,2026-02-11 09:15:00,4.0,5.51,5.97,5.57,6.08,5.7885056,5.79213,5.9169583,5.9134398
Tilapia,2026-02-11 09:30:00,4.0,5.97,5.57,6.08,6.26,5.8371186,5.83769,5.9512196,5.9494276
Tilapia,2026-02-11 09:45:00,4.0,5.57,6.08,6.26,5.79,5.8582478,5.865527,5.9639163,6.000148
Tilapia,2026-02-11 10:00:00,4.0,6.08,6.26,5.79,6.24,5.887843,5.8793435,5.9798217,5.9898973
Tilapia,2026-02-11 10:15:00,4.0,6.26,5.79,6.24,6.27,5.9145174,5.909783,6.016486,6.006715
Tilapia,2026-02-11 10:30:00,4.0,5.79,6.24,6.27,6.14,5.9497848,5.933944,6.0460877,6.0213985
Tilapia,2026-02-11 10:45:00,4.0,6.24,6.27,6.14,5.87,5.9858923,5.9641113,6.090559,6.0430546
Tilapia,2026-02-11 11:00:00,4.0,6.27,6.14,5.87,5.28,6.004072,5.986703,6.112602,6.0515757
Tilapia,2026-02-11 11:15:00,4.0,6.14,5.87,5.28,6.54,6.040152,6.0189586,6.1387863,6.067982
Tilapia,2026-02-11 11:30:00,4.0,5.87,5.28,6.54,6.06,6.070643,6.0457516,6.167647,6.09578
Tilapia,2026-02-11 11:45:00,4.0,5.28,6.54,6.06,5.74,6.0424004,6.002503,6.129832,6.0921316
Tilapia,2026-02-11 12:00:00,4.0,6.54,6.06,5.74,5.96,5.9900475,5.957887,6.107777,6.0351887
Tilapia,2026-02-11 12:15:00,4.0,6.06,5.74,5.96,6.53,6.0125074,5.974644,6.126716,6.055711
Tilapia,2026-02-11 12:30:00,4.0,5.74,5.96,6.53,6.38,5.9887,5.9472675,6.110255,6.042144
Tilapia,2026-02-11 12:45:00,4.0,5.96,6.53,6.38,6.11,5.994627,5.9554024,6.1053047,6.0616226
Tilapia,2026-02-11 13:00:00,4.0,6.53,6.38,6.11,6.51,6.0634212,6.0412054,6.160258,6.1134796
Tilapia,2026-02-11 13:15:00,4.0,6.38,6.11,6.51,6.41,6.121481,6.0768332,6.1981363,6.1611147
Tilapia,2026-02-11 13:30:00,4.0,6.11,6.51,6.41,6.36,6.068097,6.0223265,6.1344466,6.1025314
Tilapia,2026-02-11 13:45:00,4.0,6.51,6.41,6.36,6.24,6.063731,6.0161815,6.1183467,6.068362
Tilapia,2026-02-11 14:00:00,4.0,6.41,6.36,6.24,6.18,6.116501,6.065091,6.1245217,6.1046004
Tilapia,2026-02-11 14:15:00,4.0,6.36,6.24,6.18,6.21,6.18097,6.1189294,6.1895432,6.1462574
Tilapia,2026-02-11 14:30:00,4.0,6.24,6.18,6.21,6.3,6.187791,6.1025133,6.148147,6.0969043
Tilapia,2026-02-11 14:45:00,4.0,6.18,6.21,6.3,5.9,6.11659,6.0189548,6.042614,5.9686804
Tilapia,2026-02-11 15:00:00,4.0,6.21,6.3,5.9,5.5,6.1169634,6.002508,5.9867134,5.9328423
Tilapia,2026-02-11 15:15:00,4.0,6.3,5.9,5.5,5.75,6.0819597,5.974472,5.967336,5.8879004
Tilapia,2026-02-11 15:30:00,4.0,5.9,5.5,5.75,5.2,6.010924,5.8819633,5.855348,5.791318
Tilapia,2026-02-11 15:45:00,4.0,5.5,5.75,5.2,4.78,5.868929,5.741837,5.710698,5.6561146
Tilapia,2026-02-11 16:00:00,4.0,5.75,5.2,4.78,5.54,5.757724,5.615958,5.584615,5.510156
Tilapia,2026-02-11 16:15:00,4.0,5.2,4.78,5.54,5.39,5.6676874,5.5401235,5.490118,5.4106836
Tilapia,2026-02-11 16:30:00,4.0,4.78,5.54,5.39,5.2,5.5013638,5.3844714,5.3379116,5.26718
Tilapia,2026-02-11 16:45:00,4.0,5.54,5.39,5.2,5.61,5.1558,5.0635567,5.002764,5.002051
Tilapia,2026-02-11 17:00:00,4.0,5.39,5.2,5.61,5.13,5.1176887,4.9953847,4.943959,4.9411936
Tilapia,2026-02-11 17:15:00,4.0,5.2,5.61,5.13,5.46,5.1576614,5.0101275,4.9792447,4.9512095
Tilapia,2026-02-11 17:30:00,4.0,5.61,5.13,5.46,3.84,5.1560383,4.992703,4.97603,4.9316487
Tilapia,2026-02-11 17:45:00,4.0,5.13,5.46,3.84,5.62,5.1868196,5.0291386,4.991851,4.95494
Tilapia,2026-02-11 18:00:00,4.0,5.46,3.84,5.62,4.15,5.1147013,4.9635186,4.955931,4.8984804
Tilapia,2026-02-11 18:15:00,4.0,3.84,5.62,4.15,4.92,5.117341,4.991544,4.964705,4.8771343
Tilapia,2026-02-11 18:30:00,4.0,5.62,4.15,4.92,4.98,4.62399,4.4482183,4.4343553,4.35857
Tilapia,2026-02-11 18:45:00,4.0,4.15,4.92,4.98,4.9,4.5119658,4.382669,4.3985424,4.2841043
Tilapia,2026-02-11 19:00:00,4.0,4.92,4.98,4.9,4.46,4.3705554,4.2462344,4.201834,4.138032
Tilapia,2026-02-11 19:15:00,4.0,4.98,4.9,4.46,4.31,4.321469,4.2261386,4.1619134,4.1023083
Tilapia,2026-02-11 19:30:00,4.0,4.9,4.46,4.31,4.28,4.2989793,4.2519965,4.1526375,4.097103
Tilapia,2026-02-11 19:45:00,4.0,4.46,4.31,4.28,4.57,4.338575,4.341795,4.232302,4.1960607
Tilapia,2026-02-11 20:00:00,4.0,4.31,4.28,4.57,4.5,4.2984295,4.317805,4.180717,4.173482
Tilapia,2026-02-11 20:15:00,4.0,4.28,4.57,4.5,4.26,4.208139,4.20203,4.0728903,4.076694
Tilapia,2026-02-11 20:30:00,4.0,4.57,4.5,4.26,4.42,4.0441413,4.033676,3.8915753,3.9651976
Tilapia,2026-02-11 20:45:00,4.0,4.5,4.26,4.42,4.23,4.04556,4.053115,3.8804536,3.9670374
Tilapia,2026-02-11 21:00:00,4.0,4.26,4.42,4.23,4.35,3.9115436,3.9031289,3.7469013,3.8487556
Tilapia,2026-02-11 21:15:00,4.0,4.42,4.23,4.35,3.89,3.8573215,3.8307166,3.7406628,3.7791538
Tilapia,2026-02-11 21:30:00,4.0,4.23,4.35,3.89,4.18,3.7321641,3.7178452,3.6957986,3.6965032
Tilapia,2026-02-11 21:45:00,4.0,4.35,3.89,4.18,4.12,3.7893028,3.7639668,3.7598171,3.7676244
Tilapia,2026-02-11 22:00:00,4.0,3.89,4.18,4.12,4.26,3.771629,3.6965966,3.723933,3.7378879
Tilapia,2026-02-11 22:15:00,4.0,4.18,4.12,4.26,4.2,3.717313,3.6512244,3.7519386,3.719925
Tilapia,2026-02-11 22:30:00,4.0,4.12,4.26,4.2,3.95,3.7178946,3.6087644,3.7624667,3.6845684
Tilapia,2026-02-11 22:45:00,4.0,4.26,4.2,3.95,4.11,3.7277892,3.641593,3.78173,3.7176144
