model,TP_event,FP_event,FN_event,TN_event,false_alarm_rate,missed_alarm_rate,decision_accuracy,scenario,fold,seed
Persistence_Baseline__fold0__seedNA,80,14,80,606,0.02258064516129032,0.5,0.8794871794871795,Persistence_Baseline,0,NA
Raw_LSTM__fold0__seed42,138,39,22,581,0.06290322580645161,0.1375,0.9217948717948717,Raw_LSTM,0,42
Raw_LSTM__fold0__seed7,109,20,51,600,0.03225806451612903,0.31875,0.908974358974359,Raw_LSTM,0,7
Raw_LSTM__fold0__seed123,114,9,46,611,0.014516129032258065,0.2875,0.9294871794871795,Raw_LSTM,0,123
Raw_LSTM__fold0__seed2024,113,9,47,611,0.014516129032258065,0.29375,0.9282051282051282,Raw_LSTM,0,2024
Raw_LSTM__fold0__seed99,116,18,44,602,0.02903225806451613,0.275,0.9205128205128205,Raw_LSTM,0,99
Raw_GRU__fold0__seed42,133,30,27,590,0.04838709677419355,0.16875,0.926923076923077,Raw_GRU,0,42
Raw_GRU__fold0__seed7,130,30,30,590,0.04838709677419355,0.1875,0.9230769230769231,Raw_GRU,0,7
Raw_GRU__fold0__seed123,122,31,38,589,0.05,0.2375,0.9115384615384615,Raw_GRU,0,123
Raw_GRU__fold0__seed2024,132,31,28,589,0.05,0.175,0.9243589743589744,Raw_GRU,0,2024
Raw_GRU__fold0__seed99,137,26,23,594,0.041935483870967745,0.14375,0.9371794871794872,Raw_GRU,0,99
LSTM_Suitability__fold0__seed42,135,34,25,586,0.054838709677419356,0.15625,0.9243589743589744,LSTM_Suitability,0,42
LSTM_Suitability__fold0__seed7,122,24,38,596,0.03870967741935484,0.2375,0.9205128205128205,LSTM_Suitability,0,7
LSTM_Suitability__fold0__seed123,122,17,38,603,0.027419354838709678,0.2375,0.9294871794871795,LSTM_Suitability,0,123
LSTM_Suitability__fold0__seed2024,103,9,57,611,0.014516129032258065,0.35625,0.9153846153846154,LSTM_Suitability,0,2024
LSTM_Suitability__fold0__seed99,121,22,39,598,0.035483870967741936,0.24375,0.9217948717948717,LSTM_Suitability,0,99
LSTM_Excursion__fold0__seed42,137,31,23,589,0.05,0.14375,0.9307692307692308,LSTM_Excursion,0,42
LSTM_Excursion__fold0__seed7,117,25,43,595,0.04032258064516129,0.26875,0.9128205128205128,LSTM_Excursion,0,7
LSTM_Excursion__fold0__seed123,119,14,41,606,0.02258064516129032,0.25625,0.9294871794871795,LSTM_Excursion,0,123
LSTM_Excursion__fold0__seed2024,123,20,37,600,0.03225806451612903,0.23125,0.926923076923077,LSTM_Excursion,0,2024
LSTM_Excursion__fold0__seed99,121,26,39,594,0.041935483870967745,0.24375,0.9166666666666666,LSTM_Excursion,0,99
LSTM_Stability__fold0__seed42,142,46,18,574,0.07419354838709677,0.1125,0.9179487179487179,LSTM_Stability,0,42
LSTM_Stability__fold0__seed7,113,23,47,597,0.037096774193548385,0.29375,0.9102564102564102,LSTM_Stability,0,7
LSTM_Stability__fold0__seed123,119,9,41,611,0.014516129032258065,0.25625,0.9358974358974359,LSTM_Stability,0,123
LSTM_Stability__fold0__seed2024,125,16,35,604,0.025806451612903226,0.21875,0.9346153846153846,LSTM_Stability,0,2024
LSTM_Stability__fold0__seed99,118,15,42,605,0.024193548387096774,0.2625,0.926923076923077,LSTM_Stability,0,99
Full_Assessment_Guided_LSTM__fold0__seed42,135,24,25,596,0.03870967741935484,0.15625,0.9371794871794872,Full_Assessment_Guided_LSTM,0,42
Full_Assessment_Guided_LSTM__fold0__seed7,131,25,29,595,0.04032258064516129,0.18125,0.9307692307692308,Full_Assessment_Guided_LSTM,0,7
Full_Assessment_Guided_LSTM__fold0__seed123,118,14,42,606,0.02258064516129032,0.2625,0.9282051282051282,Full_Assessment_Guided_LSTM,0,123
Full_Assessment_Guided_LSTM__fold0__seed2024,122,12,38,608,0.01935483870967742,0.2375,0.9358974358974359,Full_Assessment_Guided_LSTM,0,2024
Full_Assessment_Guided_LSTM__fold0__seed99,130,39,30,581,0.06290322580645161,0.1875,0.9115384615384615,Full_Assessment_Guided_LSTM,0,99
Full_Assessment_GRU__fold0__seed42,141,27,19,593,0.043548387096774194,0.11875,0.941025641025641,Full_Assessment_GRU,0,42
Full_Assessment_GRU__fold0__seed7,125,21,35,599,0.03387096774193549,0.21875,0.9282051282051282,Full_Assessment_GRU,0,7
Full_Assessment_GRU__fold0__seed123,124,27,36,593,0.043548387096774194,0.225,0.9192307692307692,Full_Assessment_GRU,0,123
Full_Assessment_GRU__fold0__seed2024,121,28,39,592,0.04516129032258064,0.24375,0.9141025641025641,Full_Assessment_GRU,0,2024
Full_Assessment_GRU__fold0__seed99,114,22,46,598,0.035483870967741936,0.2875,0.9128205128205128,Full_Assessment_GRU,0,99
GRU_NBeats_lite__fold0__seed42,150,97,10,523,0.15645161290322582,0.0625,0.8628205128205129,GRU_NBeats_lite,0,42
GRU_NBeats_lite__fold0__seed7,152,84,8,536,0.13548387096774195,0.05,0.882051282051282,GRU_NBeats_lite,0,7
GRU_NBeats_lite__fold0__seed123,145,70,15,550,0.11290322580645161,0.09375,0.8910256410256411,GRU_NBeats_lite,0,123
GRU_NBeats_lite__fold0__seed2024,151,74,9,546,0.11935483870967742,0.05625,0.8935897435897436,GRU_NBeats_lite,0,2024
GRU_NBeats_lite__fold0__seed99,133,52,27,568,0.08387096774193549,0.16875,0.8987179487179487,GRU_NBeats_lite,0,99
CNN_GRU_Attention__fold0__seed42,137,46,23,574,0.07419354838709677,0.14375,0.9115384615384615,CNN_GRU_Attention,0,42
CNN_GRU_Attention__fold0__seed7,140,46,20,574,0.07419354838709677,0.125,0.9153846153846154,CNN_GRU_Attention,0,7
CNN_GRU_Attention__fold0__seed123,131,41,29,579,0.06612903225806452,0.18125,0.9102564102564102,CNN_GRU_Attention,0,123
CNN_GRU_Attention__fold0__seed2024,136,34,24,586,0.054838709677419356,0.15,0.9256410256410257,CNN_GRU_Attention,0,2024
CNN_GRU_Attention__fold0__seed99,127,33,33,587,0.0532258064516129,0.20625,0.9153846153846154,CNN_GRU_Attention,0,99
Persistence_Baseline__fold1__seedNA,189,17,102,728,0.022818791946308724,0.35051546391752575,0.8851351351351351,Persistence_Baseline,1,NA
Raw_LSTM__fold1__seed42,189,7,102,738,0.009395973154362415,0.35051546391752575,0.8947876447876448,Raw_LSTM,1,42
Raw_GRU__fold1__seed42,213,20,78,725,0.026845637583892617,0.26804123711340205,0.9054054054054054,Raw_GRU,1,42
LSTM_Suitability__fold1__seed42,196,9,95,736,0.012080536912751677,0.32646048109965636,0.8996138996138996,LSTM_Suitability,1,42
LSTM_Excursion__fold1__seed42,194,25,97,720,0.03355704697986577,0.3333333333333333,0.8822393822393823,LSTM_Excursion,1,42
LSTM_Stability__fold1__seed42,204,16,87,729,0.021476510067114093,0.29896907216494845,0.9005791505791506,LSTM_Stability,1,42
Full_Assessment_Guided_LSTM__fold1__seed42,220,26,71,719,0.0348993288590604,0.24398625429553264,0.9063706563706564,Full_Assessment_Guided_LSTM,1,42
Full_Assessment_GRU__fold1__seed42,206,19,85,726,0.025503355704697986,0.2920962199312715,0.8996138996138996,Full_Assessment_GRU,1,42
GRU_NBeats_lite__fold1__seed42,208,56,83,689,0.07516778523489932,0.2852233676975945,0.8658301158301158,GRU_NBeats_lite,1,42
CNN_GRU_Attention__fold1__seed42,160,11,131,734,0.01476510067114094,0.45017182130584193,0.862934362934363,CNN_GRU_Attention,1,42
Persistence_Baseline__fold2__seedNA,82,14,93,843,0.01633605600933489,0.5314285714285715,0.8963178294573644,Persistence_Baseline,2,NA
Raw_LSTM__fold2__seed42,142,23,33,834,0.026837806301050177,0.18857142857142858,0.9457364341085271,Raw_LSTM,2,42
Raw_GRU__fold2__seed42,134,18,41,839,0.021003500583430573,0.2342857142857143,0.9428294573643411,Raw_GRU,2,42
LSTM_Suitability__fold2__seed42,117,7,58,850,0.008168028004667444,0.3314285714285714,0.937015503875969,LSTM_Suitability,2,42
LSTM_Excursion__fold2__seed42,129,14,46,843,0.01633605600933489,0.26285714285714284,0.9418604651162791,LSTM_Excursion,2,42
LSTM_Stability__fold2__seed42,139,13,36,844,0.015169194865810968,0.2057142857142857,0.9525193798449613,LSTM_Stability,2,42
Full_Assessment_Guided_LSTM__fold2__seed42,136,29,39,828,0.0338389731621937,0.22285714285714286,0.9341085271317829,Full_Assessment_Guided_LSTM,2,42
Full_Assessment_GRU__fold2__seed42,137,22,38,835,0.025670945157526253,0.21714285714285714,0.9418604651162791,Full_Assessment_GRU,2,42
GRU_NBeats_lite__fold2__seed42,143,35,32,822,0.040840140023337225,0.18285714285714286,0.935077519379845,GRU_NBeats_lite,2,42
CNN_GRU_Attention__fold2__seed42,134,36,41,821,0.042007001166861145,0.2342857142857143,0.9253875968992248,CNN_GRU_Attention,2,42
