model,horizon_step,horizon,MAE,RMSE,MAPE,R2,scenario,fold,seed
Persistence_Baseline__fold0__seedNA,1,15 min,0.32253846153846155,0.42032618591292,6.793888314309707,0.7435669245124042,Persistence_Baseline,0,NA
Persistence_Baseline__fold0__seedNA,2,30 min,0.3199230769230769,0.4160014176504444,6.733030654155163,0.7481295639698261,Persistence_Baseline,0,NA
Persistence_Baseline__fold0__seedNA,3,45 min,0.33924358974358976,0.4480603496439703,7.210801356311052,0.70601328027735,Persistence_Baseline,0,NA
Persistence_Baseline__fold0__seedNA,4,60 min,0.352025641025641,0.45974658571535154,7.391826983018316,0.6912589457599148,Persistence_Baseline,0,NA
Persistence_Baseline__fold0__seedNA,overall,overall,0.3334326923076923,0.4364218950887095,7.03238682694856,0.7223098221734028,Persistence_Baseline,0,NA
Raw_LSTM__fold0__seed42,1,15 min,0.28892145507763595,0.3633675851006151,6.01742495289278,0.8083567565852311,Raw_LSTM,0,42
Raw_LSTM__fold0__seed42,2,30 min,0.2909297573260772,0.36828880984470636,6.080489028319542,0.8025920586602783,Raw_LSTM,0,42
Raw_LSTM__fold0__seed42,3,45 min,0.2662445032535455,0.34437689890652257,5.602073410572772,0.826330838524371,Raw_LSTM,0,42
Raw_LSTM__fold0__seed42,4,60 min,0.2918625228099334,0.3700039664741268,6.06408629000944,0.800027573241149,Raw_LSTM,0,42
Raw_LSTM__fold0__seed42,overall,overall,0.284489559616798,0.36165281454239473,5.941018420448634,0.80930857875899,Raw_LSTM,0,42
Raw_LSTM__fold0__seed7,1,15 min,0.2444103991679656,0.32280334755403867,5.169093834270854,0.8487563301590535,Raw_LSTM,0,7
Raw_LSTM__fold0__seed7,2,30 min,0.2583462628706908,0.3388390958850796,5.4430717510704785,0.8329007112751001,Raw_LSTM,0,7
Raw_LSTM__fold0__seed7,3,45 min,0.2578940625190735,0.3342854794917434,5.4484499052824225,0.8363599097771507,Raw_LSTM,0,7
Raw_LSTM__fold0__seed7,4,60 min,0.2527901869186988,0.33039458944917305,5.305228689469036,0.8405504819645362,Raw_LSTM,0,7
Raw_LSTM__fold0__seed7,overall,overall,0.2533602278691072,0.33163281676751477,5.341461045023197,0.8396524028490618,Raw_LSTM,0,7
Raw_LSTM__fold0__seed123,1,15 min,0.2497735110551883,0.32792269292274884,5.309153709148174,0.8439211377246371,Raw_LSTM,0,123
Raw_LSTM__fold0__seed123,2,30 min,0.2499679832703028,0.32926809320394124,5.281782562585037,0.842207313576249,Raw_LSTM,0,123
Raw_LSTM__fold0__seed123,3,45 min,0.2582471805963761,0.33509543568819167,5.429692204827668,0.8355659663753442,Raw_LSTM,0,123
Raw_LSTM__fold0__seed123,4,60 min,0.2539022248952817,0.3316293624769201,5.350900951251152,0.8393564438386313,Raw_LSTM,0,123
Raw_LSTM__fold0__seed123,overall,overall,0.2529727249542872,0.3309900885267466,5.342882356953008,0.8402733309059167,Raw_LSTM,0,123
Raw_LSTM__fold0__seed2024,1,15 min,0.24766013436439713,0.32354089089910915,5.229270219850887,0.848064415426959,Raw_LSTM,0,2024
Raw_LSTM__fold0__seed2024,2,30 min,0.24450938398410113,0.32395206780684815,5.215445641026861,0.847261301504196,Raw_LSTM,0,2024
Raw_LSTM__fold0__seed2024,3,45 min,0.26417777592096575,0.3388102503675655,5.524522286125915,0.8318999790482889,Raw_LSTM,0,2024
Raw_LSTM__fold0__seed2024,4,60 min,0.24916450158143658,0.3240642081987735,5.214441328724208,0.8466020724866443,Raw_LSTM,0,2024
Raw_LSTM__fold0__seed2024,overall,overall,0.25137794896272514,0.3276559350560251,5.295919868931968,0.8434750639457163,Raw_LSTM,0,2024
Raw_LSTM__fold0__seed99,1,15 min,0.242860674173404,0.32000078825771805,5.142560450219302,0.8513711069386288,Raw_LSTM,0,99
Raw_LSTM__fold0__seed99,2,30 min,0.25192843012932015,0.3276945012329828,5.306421819982104,0.8437119111132106,Raw_LSTM,0,99
Raw_LSTM__fold0__seed99,3,45 min,0.24106537268711972,0.3186553358350368,5.104185388650734,0.8513047567479008,Raw_LSTM,0,99
Raw_LSTM__fold0__seed99,4,60 min,0.2598784110607245,0.33363544871835554,5.424237007036235,0.8374070413815538,Raw_LSTM,0,99
Raw_LSTM__fold0__seed99,overall,overall,0.2489332220126421,0.3250530827117061,5.244351166472095,0.8459520103063105,Raw_LSTM,0,99
Raw_GRU__fold0__seed42,1,15 min,0.2938998700410892,0.3643537163138758,6.144061687876298,0.8073151566600969,Raw_GRU,0,42
Raw_GRU__fold0__seed42,2,30 min,0.2892846989509387,0.3619593667682863,6.072285161866903,0.8093190915714159,Raw_GRU,0,42
Raw_GRU__fold0__seed42,3,45 min,0.27036577782264126,0.34233919700886695,5.688376963368423,0.828379982918958,Raw_GRU,0,42
Raw_GRU__fold0__seed42,4,60 min,0.280041477509034,0.35004041135561575,5.8127007117838625,0.8210244405837499,Raw_GRU,0,42
Raw_GRU__fold0__seed42,overall,overall,0.2833979560809258,0.3547860725753322,5.929356131223871,0.8164811907133178,Raw_GRU,0,42
Raw_GRU__fold0__seed7,1,15 min,0.29185942243918395,0.3732041340007716,6.169821363241291,0.7978405540354642,Raw_GRU,0,7
Raw_GRU__fold0__seed7,2,30 min,0.28301539891805405,0.36622799338541945,6.035313330366885,0.8047951303135581,Raw_GRU,0,7
Raw_GRU__fold0__seed7,3,45 min,0.28169215603363823,0.3640392720655904,5.967795516950631,0.8059332378254789,Raw_GRU,0,7
Raw_GRU__fold0__seed7,4,60 min,0.2881365615526835,0.36887734018871854,6.091638447014665,0.8012435125997248,Raw_GRU,0,7
Raw_GRU__fold0__seed7,overall,overall,0.2861758847358899,0.36810302650383264,6.066142164393368,0.8024458154125138,Raw_GRU,0,7
Raw_GRU__fold0__seed123,1,15 min,0.27341155864030886,0.3476413409543993,5.703256134739828,0.8245861098521883,Raw_GRU,0,123
Raw_GRU__fold0__seed123,2,30 min,0.2586468271720104,0.3353130947982804,5.408147416137023,0.8363603278147702,Raw_GRU,0,123
Raw_GRU__fold0__seed123,3,45 min,0.2674534530517383,0.3450121386165804,5.526566458641643,0.8256895452318798,Raw_GRU,0,123
Raw_GRU__fold0__seed123,4,60 min,0.2708145656585693,0.3496550660396509,5.5970450893108845,0.8214182775782887,Raw_GRU,0,123
Raw_GRU__fold0__seed123,overall,overall,0.2675816011306567,0.344449348411255,5.558753774707345,0.8270190841947793,Raw_GRU,0,123
Raw_GRU__fold0__seed2024,1,15 min,0.2574314344601753,0.33622017715595925,5.484223794184608,0.8359226276243937,Raw_GRU,0,2024
Raw_GRU__fold0__seed2024,2,30 min,0.26469661322618143,0.34181675900156394,5.597174948146354,0.8299509238571989,Raw_GRU,0,2024
Raw_GRU__fold0__seed2024,3,45 min,0.2796413737443777,0.3577296260275276,5.933432912371862,0.8126021937329626,Raw_GRU,0,2024
Raw_GRU__fold0__seed2024,4,60 min,0.2781204786911989,0.3532568804092531,5.8606189694343085,0.8177201694237084,Raw_GRU,0,2024
Raw_GRU__fold0__seed2024,overall,overall,0.2699724750304834,0.34736278339633264,5.7188626560342835,0.8240804808970912,Raw_GRU,0,2024
Raw_GRU__fold0__seed99,1,15 min,0.26434037753863215,0.34305605513802756,5.601169634866341,0.8291829074078496,Raw_GRU,0,99
Raw_GRU__fold0__seed99,2,30 min,0.26960557933954094,0.34531623022970587,5.639136363394514,0.8264512240026226,Raw_GRU,0,99
Raw_GRU__fold0__seed99,3,45 min,0.27365150747543726,0.3523339055299699,5.792491506291074,0.8182126907844677,Raw_GRU,0,99
Raw_GRU__fold0__seed99,4,60 min,0.2715073594802465,0.34768098965057304,5.713860946251297,0.8234290523726107,Raw_GRU,0,99
Raw_GRU__fold0__seed99,overall,overall,0.2697762059584642,0.34711381684446246,5.686664612700807,0.8243325653597668,Raw_GRU,0,99
LSTM_Suitability__fold0__seed42,1,15 min,0.2796982034658774,0.35622703988336046,5.920246529601977,0.8158147231404032,LSTM_Suitability,0,42
LSTM_Suitability__fold0__seed42,2,30 min,0.282633109166072,0.3598098104966305,5.9880691061884495,0.8115771476494378,LSTM_Suitability,0,42
LSTM_Suitability__fold0__seed42,3,45 min,0.26307638994852706,0.34210117647946864,5.593907069377648,0.8286185468167806,LSTM_Suitability,0,42
LSTM_Suitability__fold0__seed42,4,60 min,0.27087766012778647,0.3458145102872252,5.69939522712144,0.8253197592211128,LSTM_Suitability,0,42
LSTM_Suitability__fold0__seed42,overall,overall,0.27407134067706573,0.3510632756881273,5.800404483072378,0.8203123377226873,LSTM_Suitability,0,42
LSTM_Suitability__fold0__seed7,1,15 min,0.2719433912741832,0.3478627857914771,5.673645015604045,0.8243625641021864,LSTM_Suitability,0,7
LSTM_Suitability__fold0__seed7,2,30 min,0.2571807435964926,0.33679085924499363,5.40162887061635,0.8349147907330988,LSTM_Suitability,0,7
LSTM_Suitability__fold0__seed7,3,45 min,0.25952210806577636,0.3393760729586128,5.445075094134096,0.8313380467485102,LSTM_Suitability,0,7
LSTM_Suitability__fold0__seed7,4,60 min,0.2654102093623235,0.34523806206420293,5.559420068804596,0.8259016329507183,LSTM_Suitability,0,7
LSTM_Suitability__fold0__seed7,overall,overall,0.2635141130746939,0.3423455998710383,5.5199422622897725,0.8291256177266815,LSTM_Suitability,0,7
LSTM_Suitability__fold0__seed123,1,15 min,0.2567671004319802,0.33123768741789794,5.40716930797003,0.8407495622248011,LSTM_Suitability,0,123
LSTM_Suitability__fold0__seed123,2,30 min,0.24828990013171465,0.32551818314581127,5.246556216357978,0.8457809304697665,LSTM_Suitability,0,123
LSTM_Suitability__fold0__seed123,3,45 min,0.24876512227914271,0.32469158448602287,5.226746297615316,0.8456179688142136,LSTM_Suitability,0,123
LSTM_Suitability__fold0__seed123,4,60 min,0.2526525190915817,0.3268469342454015,5.3036453443491345,0.8439563181508303,LSTM_Suitability,0,123
LSTM_Suitability__fold0__seed123,overall,overall,0.2516186604836048,0.32708333669959744,5.296029291573114,0.8440216593112402,LSTM_Suitability,0,123
LSTM_Suitability__fold0__seed2024,1,15 min,0.25216350682576494,0.32733015307169677,5.317654631927997,0.8444846814608775,LSTM_Suitability,0,2024
LSTM_Suitability__fold0__seed2024,2,30 min,0.24276054041202252,0.3219805907157282,5.164108107426952,0.849114690374687,LSTM_Suitability,0,2024
LSTM_Suitability__fold0__seed2024,3,45 min,0.24916385023410503,0.32574752306906524,5.254129561159306,0.8446121957750243,LSTM_Suitability,0,2024
LSTM_Suitability__fold0__seed2024,4,60 min,0.2613394631239084,0.3341044263481059,5.458687640969746,0.8369496196470592,LSTM_Suitability,0,2024
LSTM_Suitability__fold0__seed2024,overall,overall,0.2513568401489502,0.3273200827930582,5.298644985371001,0.8437957803205773,LSTM_Suitability,0,2024
LSTM_Suitability__fold0__seed99,1,15 min,0.2536295194503589,0.32992829271700347,5.337844367001142,0.8420061193155437,LSTM_Suitability,0,99
LSTM_Suitability__fold0__seed99,2,30 min,0.25355788586689876,0.3312260275762776,5.3462914400523305,0.8403251617231052,LSTM_Suitability,0,99
LSTM_Suitability__fold0__seed99,3,45 min,0.2595564156923538,0.3389315207070068,5.458549532428565,0.8317796214447175,LSTM_Suitability,0,99
LSTM_Suitability__fold0__seed99,4,60 min,0.25964981255164515,0.33711151317689675,5.437680597687339,0.8340013609582452,LSTM_Suitability,0,99
LSTM_Suitability__fold0__seed99,overall,overall,0.25659840839031417,0.33432099385332464,5.395091484292344,0.8370423491648866,LSTM_Suitability,0,99
LSTM_Excursion__fold0__seed42,1,15 min,0.30570091847884345,0.38067376157935173,6.413859642109847,0.7896671850425258,LSTM_Excursion,0,42
LSTM_Excursion__fold0__seed42,2,30 min,0.2920393615380312,0.3670174912918361,6.151259352102237,0.8039525953103415,LSTM_Excursion,0,42
LSTM_Excursion__fold0__seed42,3,45 min,0.2635349247027666,0.33853627522571045,5.6021946233997495,0.8321717335540189,LSTM_Excursion,0,42
LSTM_Excursion__fold0__seed42,4,60 min,0.28281565064650316,0.3554738102304204,5.918287256321789,0.8154251279263918,LSTM_Excursion,0,42
LSTM_Excursion__fold0__seed42,overall,overall,0.2860227138415361,0.36075711741854694,6.0214002184834055,0.8102519710972549,LSTM_Excursion,0,42
LSTM_Excursion__fold0__seed7,1,15 min,0.2579124778111776,0.33470301241521105,5.45996354407625,0.8374000568682409,LSTM_Excursion,0,7
LSTM_Excursion__fold0__seed7,2,30 min,0.26388788958084886,0.3420424754113844,5.563212736264607,0.8297262681673663,LSTM_Excursion,0,7
LSTM_Excursion__fold0__seed7,3,45 min,0.2656092826403104,0.34430628314383366,5.596523906818086,0.8264020542357919,LSTM_Excursion,0,7
LSTM_Excursion__fold0__seed7,4,60 min,0.2606971105184311,0.33729146231413076,5.474410791494451,0.8338240944851701,LSTM_Excursion,0,7
LSTM_Excursion__fold0__seed7,overall,overall,0.262026690137692,0.3396069451099649,5.5235277446633475,0.8318485629152819,LSTM_Excursion,0,7
LSTM_Excursion__fold0__seed123,1,15 min,0.2570552389560602,0.3346880494116994,5.4633299281203405,0.8374145947065403,LSTM_Excursion,0,123
LSTM_Excursion__fold0__seed123,2,30 min,0.2492240571975708,0.3297575241698125,5.3168726481805715,0.8417378722569082,LSTM_Excursion,0,123
LSTM_Excursion__fold0__seed123,3,45 min,0.24936639406742195,0.3296719442770236,5.298546264540694,0.8408455946110184,LSTM_Excursion,0,123
LSTM_Excursion__fold0__seed123,4,60 min,0.24904272295878485,0.3300418440897314,5.305244056169341,0.8408907723588401,LSTM_Excursion,0,123
LSTM_Excursion__fold0__seed123,overall,overall,0.2511721032949595,0.33104656955599016,5.345998224252736,0.8402188138873745,LSTM_Excursion,0,123
LSTM_Excursion__fold0__seed2024,1,15 min,0.2660245509758974,0.34020192788155473,5.578466112968912,0.8320133815692958,LSTM_Excursion,0,2024
LSTM_Excursion__fold0__seed2024,2,30 min,0.2519376546419584,0.3286031875599792,5.3458701815888805,0.8428439456576425,LSTM_Excursion,0,2024
LSTM_Excursion__fold0__seed2024,3,45 min,0.28085290586031403,0.355720085450809,5.826762587834547,0.8147016886722245,LSTM_Excursion,0,2024
LSTM_Excursion__fold0__seed2024,4,60 min,0.27789040840589085,0.353254689810151,5.782423775035133,0.8177224301060463,LSTM_Excursion,0,2024
LSTM_Excursion__fold0__seed2024,overall,overall,0.2691763799710152,0.34461683855947256,5.633380664356868,0.8268508176940972,LSTM_Excursion,0,2024
LSTM_Excursion__fold0__seed99,1,15 min,0.25517304058564017,0.3326600963147024,5.420801020508806,0.8393789114182322,LSTM_Excursion,0,99
LSTM_Excursion__fold0__seed99,2,30 min,0.25369439205756555,0.3324284494750477,5.419074443828805,0.8391637492699773,LSTM_Excursion,0,99
LSTM_Excursion__fold0__seed99,3,45 min,0.26080340671539304,0.34167074735470104,5.580867289439378,0.8290495372199929,LSTM_Excursion,0,99
LSTM_Excursion__fold0__seed99,4,60 min,0.257545958335583,0.3359494352542984,5.437015959652899,0.8351438367358506,LSTM_Excursion,0,99
LSTM_Excursion__fold0__seed99,overall,overall,0.25680419942354543,0.3356979059906739,5.464439678357472,0.8356972920112622,LSTM_Excursion,0,99
LSTM_Stability__fold0__seed42,1,15 min,0.30279970969909276,0.38518246836362485,6.360454036413778,0.78465530821401,LSTM_Stability,0,42
LSTM_Stability__fold0__seed42,2,30 min,0.3113721860738901,0.3989190196682956,6.5332782954110264,0.7683901320426496,LSTM_Stability,0,42
LSTM_Stability__fold0__seed42,3,45 min,0.2826470781717545,0.36546043413842505,6.004151403583171,0.8044150573019104,LSTM_Stability,0,42
LSTM_Stability__fold0__seed42,4,60 min,0.29134989194380934,0.36994767398540973,6.095802051908826,0.8000884163146283,LSTM_Stability,0,42
LSTM_Stability__fold0__seed42,overall,overall,0.2970422164721367,0.38010673783677856,6.2484214468292,0.7893513922547384,LSTM_Stability,0,42
LSTM_Stability__fold0__seed7,1,15 min,0.257242058460529,0.33692010398703565,5.422547858234307,0.8352387799583759,LSTM_Stability,0,7
LSTM_Stability__fold0__seed7,2,30 min,0.25501705508354383,0.33394660533569187,5.375871797109529,0.8376913599301287,LSTM_Stability,0,7
LSTM_Stability__fold0__seed7,3,45 min,0.26243946862832096,0.340364357561796,5.545032415377251,0.8303543079115704,LSTM_Stability,0,7
LSTM_Stability__fold0__seed7,4,60 min,0.25511597980597084,0.33273102708104807,5.348866517333523,0.8382873631503907,LSTM_Stability,0,7
LSTM_Stability__fold0__seed7,overall,overall,0.25745364049459113,0.3360034687197182,5.423079647013652,0.8353980489601261,LSTM_Stability,0,7
LSTM_Stability__fold0__seed123,1,15 min,0.25115133813711316,0.32735397506147995,5.293811133511801,0.8444620448714779,LSTM_Stability,0,123
LSTM_Stability__fold0__seed123,2,30 min,0.25293756678165535,0.3314832837020582,5.323461319257953,0.840077033382953,LSTM_Stability,0,123
LSTM_Stability__fold0__seed123,3,45 min,0.2545300280986688,0.330172553569814,5.326107269332248,0.8403618733321969,LSTM_Stability,0,123
LSTM_Stability__fold0__seed123,4,60 min,0.24932066458922164,0.32837614863344083,5.262543293949252,0.8424927433553087,LSTM_Stability,0,123
LSTM_Stability__fold0__seed123,overall,overall,0.25198489940166474,0.3293503463200679,5.301480754012814,0.8418519993349416,LSTM_Stability,0,123
LSTM_Stability__fold0__seed2024,1,15 min,0.2567914167795426,0.3348909337198884,5.399973142768312,0.8372174199019979,LSTM_Stability,0,2024
LSTM_Stability__fold0__seed2024,2,30 min,0.24538691986524142,0.325102791325418,5.2020610721299585,0.8461742754145253,LSTM_Stability,0,2024
LSTM_Stability__fold0__seed2024,3,45 min,0.26117388371932204,0.33739877997478057,5.455569726370085,0.8332976579984832,LSTM_Stability,0,2024
LSTM_Stability__fold0__seed2024,4,60 min,0.2570460221706293,0.334179701511672,5.37706999213009,0.836876139467002,LSTM_Stability,0,2024
LSTM_Stability__fold0__seed2024,overall,overall,0.25509956063368383,0.3329255817920341,5.358668483349612,0.8383998380523402,LSTM_Stability,0,2024
LSTM_Stability__fold0__seed99,1,15 min,0.2471278685423044,0.3248462227998873,5.211704659901874,0.8468359682862716,LSTM_Stability,0,99
LSTM_Stability__fold0__seed99,2,30 min,0.24542129256175116,0.32399442619848795,5.184587769517467,0.8472213561590051,LSTM_Stability,0,99
LSTM_Stability__fold0__seed99,3,45 min,0.2533688167914366,0.3320453377441147,5.305073395057854,0.8385457584120811,LSTM_Stability,0,99
LSTM_Stability__fold0__seed99,4,60 min,0.25209198466325416,0.32871424943773747,5.2882135840447955,0.8421682329085355,LSTM_Stability,0,99
LSTM_Stability__fold0__seed99,overall,overall,0.2495024906396866,0.3274158749877821,5.247394852130497,0.8437043387296563,LSTM_Stability,0,99
Full_Assessment_Guided_LSTM__fold0__seed42,1,15 min,0.282307795108893,0.3619399945174463,5.958226097068579,0.80985964604145,Full_Assessment_Guided_LSTM,0,42
Full_Assessment_Guided_LSTM__fold0__seed42,2,30 min,0.2921749319174351,0.3727889635382437,6.155395024864757,0.7977382940903263,Full_Assessment_Guided_LSTM,0,42
Full_Assessment_Guided_LSTM__fold0__seed42,3,45 min,0.259006134277735,0.3379089378289656,5.481233238245782,0.8327931582245841,Full_Assessment_Guided_LSTM,0,42
Full_Assessment_Guided_LSTM__fold0__seed42,4,60 min,0.27029409332764454,0.3490347537248735,5.694306752857441,0.8220513482231637,Full_Assessment_Guided_LSTM,0,42
Full_Assessment_Guided_LSTM__fold0__seed42,overall,overall,0.27594573865792693,0.3556613138013783,5.822290278259139,0.8155746086053942,Full_Assessment_Guided_LSTM,0,42
Full_Assessment_Guided_LSTM__fold0__seed7,1,15 min,0.27814582956754247,0.35644185389941757,5.841914599994921,0.8155925192978098,Full_Assessment_Guided_LSTM,0,7
Full_Assessment_Guided_LSTM__fold0__seed7,2,30 min,0.2852877615415133,0.36433129257542324,5.955988917027734,0.8068118329580063,Full_Assessment_Guided_LSTM,0,7
Full_Assessment_Guided_LSTM__fold0__seed7,3,45 min,0.2734381301586445,0.3551202287041753,5.709150059339402,0.8153261050468873,Full_Assessment_Guided_LSTM,0,7
Full_Assessment_Guided_LSTM__fold0__seed7,4,60 min,0.2661560051624592,0.34603616957625477,5.556889368320981,0.8250957552768703,Full_Assessment_Guided_LSTM,0,7
Full_Assessment_Guided_LSTM__fold0__seed7,overall,overall,0.27575693160753983,0.3555416619226377,5.76598573617076,0.8156986768233221,Full_Assessment_Guided_LSTM,0,7
Full_Assessment_Guided_LSTM__fold0__seed123,1,15 min,0.2507693995206784,0.3318768114429141,5.3167593318581625,0.8401344210268398,Full_Assessment_Guided_LSTM,0,123
Full_Assessment_Guided_LSTM__fold0__seed123,2,30 min,0.2594251657999479,0.3383505477949009,5.483145391771173,0.8333822211525435,Full_Assessment_Guided_LSTM,0,123
Full_Assessment_Guided_LSTM__fold0__seed123,3,45 min,0.2547109085596525,0.33256131038783543,5.366608509332061,0.8380435938706919,Full_Assessment_Guided_LSTM,0,123
Full_Assessment_Guided_LSTM__fold0__seed123,4,60 min,0.2470921973204001,0.32709008635678044,5.221612145381127,0.8437240598059651,Full_Assessment_Guided_LSTM,0,123
Full_Assessment_Guided_LSTM__fold0__seed123,overall,overall,0.25299941780016977,0.33249370705563186,5.3470313445856315,0.8388188251432276,Full_Assessment_Guided_LSTM,0,123
Full_Assessment_Guided_LSTM__fold0__seed2024,1,15 min,0.24696692392153619,0.32769033430388944,5.262534367325811,0.8441422472783464,Full_Assessment_Guided_LSTM,0,2024
Full_Assessment_Guided_LSTM__fold0__seed2024,2,30 min,0.243654078801473,0.3238396258320683,5.192449912732569,0.8473673126215708,Full_Assessment_Guided_LSTM,0,2024
Full_Assessment_Guided_LSTM__fold0__seed2024,3,45 min,0.2584537154466678,0.33713927297391,5.479619143940332,0.8335539943619161,Full_Assessment_Guided_LSTM,0,2024
Full_Assessment_Guided_LSTM__fold0__seed2024,4,60 min,0.24706137542235543,0.3244679967238402,5.215340224371197,0.8462195624125038,Full_Assessment_Guided_LSTM,0,2024
Full_Assessment_Guided_LSTM__fold0__seed2024,overall,overall,0.2490340233980081,0.3283273628311412,5.287485912092477,0.8428329094288822,Full_Assessment_Guided_LSTM,0,2024
Full_Assessment_Guided_LSTM__fold0__seed99,1,15 min,0.2718722946582697,0.35589289115144285,5.740674601558999,0.8161601006912753,Full_Assessment_Guided_LSTM,0,99
Full_Assessment_Guided_LSTM__fold0__seed99,2,30 min,0.2751149012736785,0.3571913109257911,5.775273100877948,0.8143096460395556,Full_Assessment_Guided_LSTM,0,99
Full_Assessment_Guided_LSTM__fold0__seed99,3,45 min,0.27065384653287056,0.3540879976334026,5.693641548407874,0.8163981311925328,Full_Assessment_Guided_LSTM,0,99
Full_Assessment_Guided_LSTM__fold0__seed99,4,60 min,0.27633827274273604,0.3586310774193714,5.8148933497671225,0.8121318324364899,Full_Assessment_Guided_LSTM,0,99
Full_Assessment_Guided_LSTM__fold0__seed99,overall,overall,0.2734948288018887,0.3564547454909352,5.756120650152986,0.8147508351775187,Full_Assessment_Guided_LSTM,0,99
Full_Assessment_GRU__fold0__seed42,1,15 min,0.2954427849573966,0.3770167237142444,6.2399897382064955,0.7936890032672832,Full_Assessment_GRU,0,42
Full_Assessment_GRU__fold0__seed42,2,30 min,0.30048320972002474,0.3799174680582617,6.324095589389203,0.7899290026832106,Full_Assessment_GRU,0,42
Full_Assessment_GRU__fold0__seed42,3,45 min,0.26557624782660066,0.3427958359392525,5.6067607180680445,0.8279218370293188,Full_Assessment_GRU,0,42
Full_Assessment_GRU__fold0__seed42,4,60 min,0.2636920856695909,0.34242543514215545,5.563735913286689,0.8287268086271509,Full_Assessment_GRU,0,42
Full_Assessment_GRU__fold0__seed42,overall,overall,0.28129858204340324,0.36098582252825684,5.933645489737609,0.810011310013018,Full_Assessment_GRU,0,42
Full_Assessment_GRU__fold0__seed7,1,15 min,0.2758919358620277,0.3545920603810507,5.732316958384395,0.8175015579264875,Full_Assessment_GRU,0,7
Full_Assessment_GRU__fold0__seed7,2,30 min,0.25612551186634946,0.33562897642287887,5.33984849851675,0.8360518691596338,Full_Assessment_GRU,0,7
Full_Assessment_GRU__fold0__seed7,3,45 min,0.2675324484874041,0.3450613287352415,5.523709107225438,0.8256398370492485,Full_Assessment_GRU,0,7
Full_Assessment_GRU__fold0__seed7,4,60 min,0.27339940435458454,0.352319699251722,5.7199372938638255,0.8186860536251,Full_Assessment_GRU,0,7
Full_Assessment_GRU__fold0__seed7,overall,overall,0.26823732514259147,0.3469794050694156,5.578952964497601,0.8244685852990885,Full_Assessment_GRU,0,7
Full_Assessment_GRU__fold0__seed123,1,15 min,0.267745156679398,0.34857892200405405,5.688221466030191,0.8236386591394005,Full_Assessment_GRU,0,123
Full_Assessment_GRU__fold0__seed123,2,30 min,0.27008028369072157,0.3474110865207671,5.715544398241253,0.8243391743597385,Full_Assessment_GRU,0,123
Full_Assessment_GRU__fold0__seed123,3,45 min,0.2732588069622333,0.3508970019383459,5.758566480662996,0.8196924132447995,Full_Assessment_GRU,0,123
Full_Assessment_GRU__fold0__seed123,4,60 min,0.2740078270740998,0.3545770096334838,5.787923910886248,0.8163552558429822,Full_Assessment_GRU,0,123
Full_Assessment_GRU__fold0__seed123,overall,overall,0.2712730186016132,0.35037668645080805,5.737564063955173,0.8210144958918935,Full_Assessment_GRU,0,123
Full_Assessment_GRU__fold0__seed2024,1,15 min,0.2791840289189265,0.35674223830755886,5.8751447970467865,0.8152815767298643,Full_Assessment_GRU,0,2024
Full_Assessment_GRU__fold0__seed2024,2,30 min,0.2809051720545842,0.363458649594331,5.927541950726391,0.8077361697121969,Full_Assessment_GRU,0,2024
Full_Assessment_GRU__fold0__seed2024,3,45 min,0.289189100986872,0.3711220261364043,6.093621925187241,0.7983082442177589,Full_Assessment_GRU,0,2024
Full_Assessment_GRU__fold0__seed2024,4,60 min,0.2918775709714645,0.3688733158742985,6.1050710363470175,0.8012478492945994,Full_Assessment_GRU,0,2024
Full_Assessment_GRU__fold0__seed2024,overall,overall,0.2852889682329618,0.36509118587186945,6.000344927326859,0.8056653898682464,Full_Assessment_GRU,0,2024
Full_Assessment_GRU__fold0__seed99,1,15 min,0.2602929226435148,0.33882729468529355,5.492161834849918,0.8333681854736018,Full_Assessment_GRU,0,99
Full_Assessment_GRU__fold0__seed99,2,30 min,0.2434522969294817,0.32414799465558364,5.172041147314016,0.847076492303172,Full_Assessment_GRU,0,99
Full_Assessment_GRU__fold0__seed99,3,45 min,0.2525026888358287,0.3303925200404347,5.334783610602123,0.8401490953042757,Full_Assessment_GRU,0,99
Full_Assessment_GRU__fold0__seed99,4,60 min,0.2713374021970309,0.34626517552705494,5.683252274353647,0.8248641762094491,Full_Assessment_GRU,0,99
Full_Assessment_GRU__fold0__seed99,overall,overall,0.25689632765146403,0.33501292778952657,5.420559716779926,0.8363671141984895,Full_Assessment_GRU,0,99
GRU_NBeats_lite__fold0__seed42,1,15 min,0.504498528627249,0.591692254104303,10.135798083647183,0.4918488474615167,GRU_NBeats_lite,0,42
GRU_NBeats_lite__fold0__seed42,2,30 min,0.4867796384860308,0.57759378648288,10.103117424227072,0.5144515209966176,GRU_NBeats_lite,0,42
GRU_NBeats_lite__fold0__seed42,3,45 min,0.5018264105136578,0.5866841870852845,10.237828689227472,0.49596180087969377,GRU_NBeats_lite,0,42
GRU_NBeats_lite__fold0__seed42,4,60 min,0.47460363333041855,0.5600286389734314,9.71948930756211,0.5418814991324403,GRU_NBeats_lite,0,42
GRU_NBeats_lite__fold0__seed42,overall,overall,0.49192705273933895,0.5791253572407741,10.04905837616596,0.5110182852482252,GRU_NBeats_lite,0,42
GRU_NBeats_lite__fold0__seed7,1,15 min,0.46294441550817245,0.5453636025944114,9.378538414648498,0.5683085503229446,GRU_NBeats_lite,0,7
GRU_NBeats_lite__fold0__seed7,2,30 min,0.48620390850458384,0.579293935838356,9.853108461873564,0.5115888867670788,GRU_NBeats_lite,0,7
GRU_NBeats_lite__fold0__seed7,3,45 min,0.4145932437701103,0.5068292430933483,8.32165514610893,0.623835319699599,GRU_NBeats_lite,0,7
GRU_NBeats_lite__fold0__seed7,4,60 min,0.4702030294002631,0.5607420515254989,9.649968065018927,0.5407135743637803,GRU_NBeats_lite,0,7
GRU_NBeats_lite__fold0__seed7,overall,overall,0.45848614929578246,0.5487053975352917,9.30081752191248,0.5610390151411031,GRU_NBeats_lite,0,7
GRU_NBeats_lite__fold0__seed123,1,15 min,0.5116006006094126,0.5774473837299154,10.393126764367471,0.5160215959595638,GRU_NBeats_lite,0,123
GRU_NBeats_lite__fold0__seed123,2,30 min,0.47546092495551473,0.5430523151035538,9.637381154173823,0.5707889327651601,GRU_NBeats_lite,0,123
GRU_NBeats_lite__fold0__seed123,3,45 min,0.4877547573921008,0.5552886867185464,9.834729207167554,0.5484640468720434,GRU_NBeats_lite,0,123
GRU_NBeats_lite__fold0__seed123,4,60 min,0.4787605194800939,0.5489144358397472,9.624849429143168,0.5598845015881881,GRU_NBeats_lite,0,123
GRU_NBeats_lite__fold0__seed123,overall,overall,0.48839420060928057,0.556328113927997,9.872521638713003,0.5487580452225531,GRU_NBeats_lite,0,123
GRU_NBeats_lite__fold0__seed2024,1,15 min,0.48792558338703257,0.5591558308363641,10.057425799521672,0.5461975218393073,GRU_NBeats_lite,0,2024
GRU_NBeats_lite__fold0__seed2024,2,30 min,0.45846442667643234,0.5440496742157636,9.494607849321945,0.5692109239566605,GRU_NBeats_lite,0,2024
GRU_NBeats_lite__fold0__seed2024,3,45 min,0.5116452818283668,0.5841934559014909,10.394758409787102,0.5002324418018846,GRU_NBeats_lite,0,2024
GRU_NBeats_lite__fold0__seed2024,4,60 min,0.4239310756096474,0.5012812838757377,8.762952141569096,0.6329541338738169,GRU_NBeats_lite,0,2024
GRU_NBeats_lite__fold0__seed2024,overall,overall,0.47049159187536976,0.5479986794360955,9.677436050049954,0.5621690273318404,GRU_NBeats_lite,0,2024
GRU_NBeats_lite__fold0__seed99,1,15 min,0.37459665530767194,0.4582394795934051,7.518114924406066,0.6952202185874513,GRU_NBeats_lite,0,99
GRU_NBeats_lite__fold0__seed99,2,30 min,0.3651263696474907,0.4699047184529147,7.289089175967634,0.6786286296704127,GRU_NBeats_lite,0,99
GRU_NBeats_lite__fold0__seed99,3,45 min,0.3636280417320056,0.45050260085895083,7.2596533921791595,0.7027996676315433,GRU_NBeats_lite,0,99
GRU_NBeats_lite__fold0__seed99,4,60 min,0.38543204160837025,0.49007677477960554,7.697057464919567,0.649178985437765,GRU_NBeats_lite,0,99
GRU_NBeats_lite__fold0__seed99,overall,overall,0.3721957770738846,0.4674188976821025,7.440978739368107,0.6814629228529878,GRU_NBeats_lite,0,99
CNN_GRU_Attention__fold0__seed42,1,15 min,0.33201080008042166,0.41851871329976104,6.9898832868086265,0.7457675925747993,CNN_GRU_Attention,0,42
CNN_GRU_Attention__fold0__seed42,2,30 min,0.3388987367947896,0.4296337507298284,7.186314965996443,0.7313515404979118,CNN_GRU_Attention,0,42
CNN_GRU_Attention__fold0__seed42,3,45 min,0.3202886440081474,0.40379737036480684,6.759534719317389,0.7612289560107587,CNN_GRU_Attention,0,42
CNN_GRU_Attention__fold0__seed42,4,60 min,0.3610244245040111,0.44635359235612304,7.513503049993604,0.708984965422995,CNN_GRU_Attention,0,42
CNN_GRU_Attention__fold0__seed42,overall,overall,0.3380556513468424,0.42486083570712213,7.112309005529014,0.7368272885313208,CNN_GRU_Attention,0,42
CNN_GRU_Attention__fold0__seed7,1,15 min,0.33436940942666465,0.43006669302929623,7.12884505949262,0.7315442156675926,CNN_GRU_Attention,0,7
CNN_GRU_Attention__fold0__seed7,2,30 min,0.33911959788738155,0.43349121564902976,7.200836917132919,0.7265057655880771,CNN_GRU_Attention,0,7
CNN_GRU_Attention__fold0__seed7,3,45 min,0.3303380348988068,0.42263579449663735,7.032752909924097,0.7384304182605508,CNN_GRU_Attention,0,7
CNN_GRU_Attention__fold0__seed7,4,60 min,0.3544042140887334,0.44531019521068793,7.4832665924988095,0.7103439299829644,CNN_GRU_Attention,0,7
CNN_GRU_Attention__fold0__seed7,overall,overall,0.3395578140753966,0.43295328248161297,7.211425369762112,0.7267063567321626,CNN_GRU_Attention,0,7
CNN_GRU_Attention__fold0__seed123,1,15 min,0.35323878443546786,0.4405003459185285,7.259116495290788,0.7183604416107242,CNN_GRU_Attention,0,123
CNN_GRU_Attention__fold0__seed123,2,30 min,0.3093354989198538,0.3990882456542133,6.487574883701873,0.768193587282047,CNN_GRU_Attention,0,123
CNN_GRU_Attention__fold0__seed123,3,45 min,0.35817639989119315,0.44447368150400884,7.368232338275228,0.7107010974404482,CNN_GRU_Attention,0,123
CNN_GRU_Attention__fold0__seed123,4,60 min,0.33790049869586264,0.42517479442525413,7.013667312749686,0.7359462264696159,CNN_GRU_Attention,0,123
CNN_GRU_Attention__fold0__seed123,overall,overall,0.33966279548559436,0.42768050047260314,7.032147757504394,0.7333225116156894,CNN_GRU_Attention,0,123
CNN_GRU_Attention__fold0__seed2024,1,15 min,0.3412290747349079,0.4226470781427415,7.191092269350971,0.7407272411150437,CNN_GRU_Attention,0,2024
CNN_GRU_Attention__fold0__seed2024,2,30 min,0.35045742086263804,0.429043753049092,7.36229852955382,0.7320888807826493,CNN_GRU_Attention,0,2024
CNN_GRU_Attention__fold0__seed2024,3,45 min,0.35825400352478026,0.4308841415083995,7.456855325017794,0.7281209734338867,CNN_GRU_Attention,0,2024
CNN_GRU_Attention__fold0__seed2024,4,60 min,0.3096295981407165,0.3866881849196046,6.524364509468758,0.7815866587419169,CNN_GRU_Attention,0,2024
CNN_GRU_Attention__fold0__seed2024,overall,overall,0.3398925243157607,0.4177014455484011,7.133652658347837,0.7456220790725929,CNN_GRU_Attention,0,2024
CNN_GRU_Attention__fold0__seed99,1,15 min,0.3003821873664856,0.3877047569851221,6.402744956605742,0.7818257928469381,CNN_GRU_Attention,0,99
CNN_GRU_Attention__fold0__seed99,2,30 min,0.30827917831371987,0.3948467933877217,6.563772747293258,0.7730946146290372,CNN_GRU_Attention,0,99
CNN_GRU_Attention__fold0__seed99,3,45 min,0.2901756213261531,0.3748441791064842,6.206434365084518,0.794242237836063,CNN_GRU_Attention,0,99
CNN_GRU_Attention__fold0__seed99,4,60 min,0.326770174637819,0.4121603749097015,6.926593483613017,0.7518639695989678,CNN_GRU_Attention,0,99
CNN_GRU_Attention__fold0__seed99,overall,overall,0.3064017904110444,0.3926204598888023,6.524886388149133,0.7752533061147664,CNN_GRU_Attention,0,99
Persistence_Baseline__fold1__seedNA,1,15 min,0.3282142857142857,0.4281784395106508,7.662920694044491,0.8055115584141169,Persistence_Baseline,1,NA
Persistence_Baseline__fold1__seedNA,2,30 min,0.34450772200772195,0.4554605416710706,8.0332161583302,0.7780778440901164,Persistence_Baseline,1,NA
Persistence_Baseline__fold1__seedNA,3,45 min,0.3622104247104247,0.4760382881002869,8.40252335520608,0.7559860058890844,Persistence_Baseline,1,NA
Persistence_Baseline__fold1__seedNA,4,60 min,0.3844208494208494,0.5092567830107627,8.900780444326607,0.7186477965339342,Persistence_Baseline,1,NA
Persistence_Baseline__fold1__seedNA,overall,overall,0.3548383204633204,0.4681709099946845,8.249860162976846,0.7648213648993436,Persistence_Baseline,1,NA
Raw_LSTM__fold1__seed42,1,15 min,0.31905162767093614,0.41355796643694775,7.69189094423348,0.8185667047080375,Raw_LSTM,1,42
Raw_LSTM__fold1__seed42,2,30 min,0.31857027033581237,0.4229465996624865,7.815659106402091,0.8086316018341095,Raw_LSTM,1,42
Raw_LSTM__fold1__seed42,3,45 min,0.30906535290383,0.43024258616758304,7.780542668477035,0.8006768439886873,Raw_LSTM,1,42
Raw_LSTM__fold1__seed42,4,60 min,0.31899816531472225,0.44111041316394234,8.000538202056926,0.7889082323820116,Raw_LSTM,1,42
Raw_LSTM__fold1__seed42,overall,overall,0.31642135405632515,0.4270834512490964,7.822157730292383,0.8042893305615275,Raw_LSTM,1,42
Raw_GRU__fold1__seed42,1,15 min,0.308466838262256,0.41160255697630077,7.102873385700905,0.8202783759772774,Raw_GRU,1,42
Raw_GRU__fold1__seed42,2,30 min,0.31724329942902085,0.4243641456759152,7.343840452138807,0.8073466731471284,Raw_GRU,1,42
Raw_GRU__fold1__seed42,3,45 min,0.31287854119157243,0.4252419310725016,7.3242929331519875,0.8052833327891957,Raw_GRU,1,42
Raw_GRU__fold1__seed42,4,60 min,0.3236621918917623,0.44055115146564555,7.5449753256016185,0.7894431583261461,Raw_GRU,1,42
Raw_GRU__fold1__seed42,overall,overall,0.3155627176936529,0.42556362921561286,7.328995524148328,0.8056797667451658,Raw_GRU,1,42
LSTM_Suitability__fold1__seed42,1,15 min,0.3193344218666489,0.4227919685329951,7.875321357482987,0.810374096192694,LSTM_Suitability,1,42
LSTM_Suitability__fold1__seed42,2,30 min,0.30799925392659017,0.4253376329761426,7.770195443645546,0.8064617695433649,LSTM_Suitability,1,42
LSTM_Suitability__fold1__seed42,3,45 min,0.3369315175936489,0.481148534977945,8.77503067494827,0.7507189302268908,LSTM_Suitability,1,42
LSTM_Suitability__fold1__seed42,4,60 min,0.32442882577424803,0.456074675723843,8.312040419317473,0.7743431131920406,LSTM_Suitability,1,42
LSTM_Suitability__fold1__seed42,overall,overall,0.32217350479028395,0.44698243064738696,8.183146973848569,0.7856270812861038,LSTM_Suitability,1,42
LSTM_Excursion__fold1__seed42,1,15 min,0.3579137768616547,0.462091551224112,8.29307695388563,0.7734832810241867,LSTM_Excursion,1,42
LSTM_Excursion__fold1__seed42,2,30 min,0.3699549267512951,0.5016108455296262,8.756456586162606,0.7308260781908071,LSTM_Excursion,1,42
LSTM_Excursion__fold1__seed42,3,45 min,0.36993423096001377,0.5196345203673332,8.84807762215139,0.7092451598932623,LSTM_Excursion,1,42
LSTM_Excursion__fold1__seed42,4,60 min,0.3890155807333103,0.5384645875847964,9.353755980884939,0.6854490724615381,LSTM_Excursion,1,42
LSTM_Excursion__fold1__seed42,overall,overall,0.37170462882656846,0.5062376390851202,8.81284178577114,0.7250220439465977,LSTM_Excursion,1,42
LSTM_Stability__fold1__seed42,1,15 min,0.3187326645943189,0.4064011269305557,7.497005711120703,0.8247919672370297,LSTM_Stability,1,42
LSTM_Stability__fold1__seed42,2,30 min,0.32373980982423295,0.4157020513840278,7.598361318642969,0.8151312599002843,LSTM_Stability,1,42
LSTM_Stability__fold1__seed42,3,45 min,0.31678143469063014,0.4217642855733555,7.6249164503968805,0.8084551114381171,LSTM_Stability,1,42
LSTM_Stability__fold1__seed42,4,60 min,0.3265010285285449,0.43376395988488153,7.931528881910372,0.795880918131348,LSTM_Stability,1,42
LSTM_Stability__fold1__seed42,overall,overall,0.3214387344094317,0.4195254333695189,7.662953090517729,0.8111549503994825,LSTM_Stability,1,42
Full_Assessment_Guided_LSTM__fold1__seed42,1,15 min,0.3662759991548236,0.5360865150139107,8.838689021011302,0.6951305045026734,Full_Assessment_Guided_LSTM,1,42
Full_Assessment_Guided_LSTM__fold1__seed42,2,30 min,0.397117180879512,0.6218984287046373,9.71885964529304,0.5862499443258722,Full_Assessment_Guided_LSTM,1,42
Full_Assessment_Guided_LSTM__fold1__seed42,3,45 min,0.42988359884520755,0.7191904747645653,10.919532531685071,0.4430466534848645,Full_Assessment_Guided_LSTM,1,42
Full_Assessment_Guided_LSTM__fold1__seed42,4,60 min,0.40859536801986246,0.6467148266201805,10.177206530121731,0.5462649679132656,Full_Assessment_Guided_LSTM,1,42
Full_Assessment_Guided_LSTM__fold1__seed42,overall,overall,0.4004680367248515,0.6343542805813459,9.913571932027788,0.5682297004908462,Full_Assessment_Guided_LSTM,1,42
Full_Assessment_GRU__fold1__seed42,1,15 min,0.32935504295190793,0.44754819952667174,7.86773497967548,0.7875171734582495,Full_Assessment_GRU,1,42
Full_Assessment_GRU__fold1__seed42,2,30 min,0.32813552754265923,0.4528007926320625,7.993684942969397,0.7806621899422066,Full_Assessment_GRU,1,42
Full_Assessment_GRU__fold1__seed42,3,45 min,0.34173730924783063,0.48368389411719326,8.347581180234377,0.7480848903640884,Full_Assessment_GRU,1,42
Full_Assessment_GRU__fold1__seed42,4,60 min,0.35541418540431724,0.4866773478587485,8.869041315511494,0.7430438943291985,Full_Assessment_GRU,1,42
Full_Assessment_GRU__fold1__seed42,overall,overall,0.33866051628667876,0.46800985541305307,8.269510604597684,0.7649831437751705,Full_Assessment_GRU,1,42
GRU_NBeats_lite__fold1__seed42,1,15 min,0.4933061327713337,0.6274931713295726,11.661275220621182,0.5823021746158419,GRU_NBeats_lite,1,42
GRU_NBeats_lite__fold1__seed42,2,30 min,0.43760931003968234,0.561810408903199,10.611515233579548,0.6623407054581213,GRU_NBeats_lite,1,42
GRU_NBeats_lite__fold1__seed42,3,45 min,0.45989323311330726,0.5808090675840822,10.958530844963759,0.6367565932951589,GRU_NBeats_lite,1,42
GRU_NBeats_lite__fold1__seed42,4,60 min,0.46108881465256446,0.5829596295961563,10.925938276246425,0.6313165546011258,GRU_NBeats_lite,1,42
GRU_NBeats_lite__fold1__seed42,overall,overall,0.4629743726442219,0.5887613519805802,11.039314893852728,0.6280645249999444,GRU_NBeats_lite,1,42
CNN_GRU_Attention__fold1__seed42,1,15 min,0.3448567955282204,0.4768753383339207,8.639253300979526,0.7587574373969073,CNN_GRU_Attention,1,42
CNN_GRU_Attention__fold1__seed42,2,30 min,0.36441476041285686,0.5158337986064602,9.377105870527183,0.7153450531393422,CNN_GRU_Attention,1,42
CNN_GRU_Attention__fold1__seed42,3,45 min,0.3685702209859281,0.5200814380962715,9.499058204068742,0.7087448106384261,CNN_GRU_Attention,1,42
CNN_GRU_Attention__fold1__seed42,4,60 min,0.36356475916608416,0.4974093239071744,9.140853620277413,0.7315863981564414,CNN_GRU_Attention,1,42
CNN_GRU_Attention__fold1__seed42,overall,overall,0.3603516340232724,0.5028407635270682,9.164067748963216,0.7286998901420814,CNN_GRU_Attention,1,42
Persistence_Baseline__fold2__seedNA,1,15 min,0.30932170542635656,0.4039233464005787,6.415869837379619,0.7642627354535819,Persistence_Baseline,2,NA
Persistence_Baseline__fold2__seedNA,2,30 min,0.313391472868217,0.40745666055736296,6.483692572782153,0.7606107681810389,Persistence_Baseline,2,NA
Persistence_Baseline__fold2__seedNA,3,45 min,0.33225775193798446,0.44101571892743835,6.984742637380603,0.7219241997691682,Persistence_Baseline,2,NA
Persistence_Baseline__fold2__seedNA,4,60 min,0.34951550387596897,0.46109155962410453,7.278103011696787,0.6979812055653374,Persistence_Baseline,2,NA
Persistence_Baseline__fold2__seedNA,overall,overall,0.3261216085271318,0.4290324261339912,6.790602014809792,0.7360139005599049,Persistence_Baseline,2,NA
Raw_LSTM__fold2__seed42,1,15 min,0.26312563573667247,0.33485768712378217,5.362106235092376,0.8379866229171273,Raw_LSTM,2,42
Raw_LSTM__fold2__seed42,2,30 min,0.25097896444705103,0.3253262416094141,5.170216168395444,0.8473910655252059,Raw_LSTM,2,42
Raw_LSTM__fold2__seed42,3,45 min,0.23811073352200116,0.3147824490445808,4.974349556871883,0.8583305925899483,Raw_LSTM,2,42
Raw_LSTM__fold2__seed42,4,60 min,0.25437339576639867,0.32851280704618946,5.257906822925862,0.8466922057765139,Raw_LSTM,2,42
Raw_LSTM__fold2__seed42,overall,overall,0.25164718236803085,0.32595072047990115,5.19114469582139,0.8476281588643588,Raw_LSTM,2,42
Raw_GRU__fold2__seed42,1,15 min,0.2662289216074833,0.3403492851514683,5.473049900911895,0.8326290759510452,Raw_GRU,2,42
Raw_GRU__fold2__seed42,2,30 min,0.23703962595887887,0.3124700907202385,4.927217079186669,0.8592142576448807,Raw_GRU,2,42
Raw_GRU__fold2__seed42,3,45 min,0.25599773460580394,0.3323217720072101,5.3290018973540745,0.8421034476490901,Raw_GRU,2,42
Raw_GRU__fold2__seed42,4,60 min,0.26086796497189724,0.33615100778750984,5.378345787995668,0.8394802554195746,Raw_GRU,2,42
Raw_GRU__fold2__seed42,overall,overall,0.2550335617860158,0.3304960112030099,5.276903666362076,0.8433489648098123,Raw_GRU,2,42
LSTM_Suitability__fold2__seed42,1,15 min,0.25874354338461114,0.3319982121553399,5.242257863323577,0.8407417943380394,LSTM_Suitability,2,42
LSTM_Suitability__fold2__seed42,2,30 min,0.2428338152123976,0.3175537344440569,4.9952918624822,0.8545960458330679,LSTM_Suitability,2,42
LSTM_Suitability__fold2__seed42,3,45 min,0.2304770615858625,0.3087809246318635,4.812344241018916,0.8636811278765407,LSTM_Suitability,2,42
LSTM_Suitability__fold2__seed42,4,60 min,0.2686496165556501,0.3408948706750634,5.446026629170069,0.8349176821529163,LSTM_Suitability,2,42
LSTM_Suitability__fold2__seed42,overall,overall,0.25017600918463034,0.32504544274715863,5.12398014899869,0.8484733619845134,LSTM_Suitability,2,42
LSTM_Excursion__fold2__seed42,1,15 min,0.2661470832288727,0.33736443262027704,5.412558746284573,0.8355518785447031,LSTM_Excursion,2,42
LSTM_Excursion__fold2__seed42,2,30 min,0.242003241463225,0.3153422989012479,4.991069459399828,0.8566141725292039,LSTM_Excursion,2,42
LSTM_Excursion__fold2__seed42,3,45 min,0.23685211707455242,0.31365579898192786,4.9528104525489764,0.8593428867044705,LSTM_Excursion,2,42
LSTM_Excursion__fold2__seed42,4,60 min,0.25514665517696117,0.3300394399992192,5.228713966234184,0.8452640206914431,LSTM_Excursion,2,42
LSTM_Excursion__fold2__seed42,overall,overall,0.2500372742359029,0.32425357286524814,5.146288156116889,0.8492107556359922,LSTM_Excursion,2,42
LSTM_Stability__fold2__seed42,1,15 min,0.2647144104528797,0.3394904056085176,5.465737436197004,0.8334727391458316,LSTM_Stability,2,42
LSTM_Stability__fold2__seed42,2,30 min,0.25922241489092507,0.33536515208139206,5.382854920164132,0.8378273423027063,LSTM_Stability,2,42
LSTM_Stability__fold2__seed42,3,45 min,0.24517560037531594,0.3244963546067017,5.197529419666693,0.8494520999427528,LSTM_Stability,2,42
LSTM_Stability__fold2__seed42,4,60 min,0.2542312044690746,0.3281608193949011,5.269009255189459,0.8470205554786168,LSTM_Stability,2,42
LSTM_Stability__fold2__seed42,overall,overall,0.25583590754704877,0.3319303120648151,5.328782757804321,0.8419863325518893,LSTM_Stability,2,42
Full_Assessment_Guided_LSTM__fold2__seed42,1,15 min,0.277906442104384,0.3508325564511175,5.645582480683815,0.8221597318663655,Full_Assessment_Guided_LSTM,2,42
Full_Assessment_Guided_LSTM__fold2__seed42,2,30 min,0.26305110091386835,0.3402386368219558,5.398000757322463,0.8330797495820934,Full_Assessment_Guided_LSTM,2,42
Full_Assessment_Guided_LSTM__fold2__seed42,3,45 min,0.2524490116640579,0.32986541760372345,5.24928654132829,0.8444290039570236,Full_Assessment_Guided_LSTM,2,42
Full_Assessment_Guided_LSTM__fold2__seed42,4,60 min,0.25037586308264914,0.3255171532274073,5.184228082496094,0.8494754344655007,Full_Assessment_Guided_LSTM,2,42
Full_Assessment_Guided_LSTM__fold2__seed42,overall,overall,0.2609456044412399,0.33675600344635415,5.369274465457666,0.83735844493488,Full_Assessment_Guided_LSTM,2,42
Full_Assessment_GRU__fold2__seed42,1,15 min,0.25858630574026775,0.33671873804293945,5.328431332901854,0.8361807631332143,Full_Assessment_GRU,2,42
Full_Assessment_GRU__fold2__seed42,2,30 min,0.2642409016180408,0.34472241586530133,5.513113581266416,0.8286512985282126,Full_Assessment_GRU,2,42
Full_Assessment_GRU__fold2__seed42,3,45 min,0.24302446644435557,0.31962384188168885,5.090178029671774,0.8539392950783227,Full_Assessment_GRU,2,42
Full_Assessment_GRU__fold2__seed42,4,60 min,0.28910264760024784,0.359963974377885,5.8700331802357155,0.8159322510127363,Full_Assessment_GRU,2,42
Full_Assessment_GRU__fold2__seed42,overall,overall,0.263738580350728,0.34056809733824633,5.450439031018941,0.8336553832847196,Full_Assessment_GRU,2,42
GRU_NBeats_lite__fold2__seed42,1,15 min,0.3713686337212259,0.45528490590005977,7.32998613804434,0.7004999956749729,GRU_NBeats_lite,2,42
GRU_NBeats_lite__fold2__seed42,2,30 min,0.3428854664906051,0.4265467647339143,6.884746476511265,0.7376536219333927,GRU_NBeats_lite,2,42
GRU_NBeats_lite__fold2__seed42,3,45 min,0.36994144757588704,0.4579542122409629,7.303380411861686,0.7001533690890017,GRU_NBeats_lite,2,42
GRU_NBeats_lite__fold2__seed42,4,60 min,0.3499382781982422,0.43707480243591307,6.9628907965314495,0.7286241700641025,GRU_NBeats_lite,2,42
GRU_NBeats_lite__fold2__seed42,overall,overall,0.35853345649649004,0.4444049199432396,7.120250955737186,0.7167574203015972,GRU_NBeats_lite,2,42
CNN_GRU_Attention__fold2__seed42,1,15 min,0.2963606442961582,0.37610543823475895,5.95334721691517,0.7956147481762986,CNN_GRU_Attention,2,42
CNN_GRU_Attention__fold2__seed42,2,30 min,0.2718670071557511,0.3564361344760804,5.5232372793519415,0.8168085423023356,CNN_GRU_Attention,2,42
CNN_GRU_Attention__fold2__seed42,3,45 min,0.28640317895615747,0.3669431154855476,5.803355257151919,0.807490331839346,CNN_GRU_Attention,2,42
CNN_GRU_Attention__fold2__seed42,4,60 min,0.342018435528112,0.42084398949847823,6.830168851439088,0.7484050714567593,CNN_GRU_Attention,2,42
CNN_GRU_Attention__fold2__seed42,overall,overall,0.2991623164840447,0.3808736444443373,6.02752715121453,0.7919524203875904,CNN_GRU_Attention,2,42
