model,horizon,threshold_scale,recall,precision,n_positive,scenario,fold,seed
Persistence_Baseline__fold0__seedNA,15 min,0.8,0.0,0.0,5,Persistence_Baseline,0,NA
Persistence_Baseline__fold0__seedNA,15 min,0.9,0.2903225806451613,0.28125,31,Persistence_Baseline,0,NA
Persistence_Baseline__fold0__seedNA,15 min,1.0,0.6195652173913043,0.6063829787234043,92,Persistence_Baseline,0,NA
Persistence_Baseline__fold0__seedNA,15 min,1.1,0.7732558139534884,0.7732558139534884,172,Persistence_Baseline,0,NA
Persistence_Baseline__fold0__seedNA,15 min,1.2,0.8685258964143426,0.8685258964143426,251,Persistence_Baseline,0,NA
Persistence_Baseline__fold0__seedNA,30 min,0.8,0.2,0.2,5,Persistence_Baseline,0,NA
Persistence_Baseline__fold0__seedNA,30 min,0.9,0.3,0.28125,30,Persistence_Baseline,0,NA
Persistence_Baseline__fold0__seedNA,30 min,1.0,0.6703296703296703,0.648936170212766,91,Persistence_Baseline,0,NA
Persistence_Baseline__fold0__seedNA,30 min,1.1,0.7965116279069767,0.7965116279069767,172,Persistence_Baseline,0,NA
Persistence_Baseline__fold0__seedNA,30 min,1.2,0.8565737051792829,0.8565737051792829,251,Persistence_Baseline,0,NA
Persistence_Baseline__fold0__seedNA,45 min,0.8,0.0,0.0,5,Persistence_Baseline,0,NA
Persistence_Baseline__fold0__seedNA,45 min,0.9,0.1724137931034483,0.15625,29,Persistence_Baseline,0,NA
Persistence_Baseline__fold0__seedNA,45 min,1.0,0.6043956043956044,0.5851063829787234,91,Persistence_Baseline,0,NA
Persistence_Baseline__fold0__seedNA,45 min,1.1,0.7906976744186046,0.7906976744186046,172,Persistence_Baseline,0,NA
Persistence_Baseline__fold0__seedNA,45 min,1.2,0.8366533864541833,0.8366533864541833,251,Persistence_Baseline,0,NA
Persistence_Baseline__fold0__seedNA,60 min,0.8,0.0,0.0,5,Persistence_Baseline,0,NA
Persistence_Baseline__fold0__seedNA,60 min,0.9,0.41379310344827586,0.375,29,Persistence_Baseline,0,NA
Persistence_Baseline__fold0__seedNA,60 min,1.0,0.5824175824175825,0.5638297872340425,91,Persistence_Baseline,0,NA
Persistence_Baseline__fold0__seedNA,60 min,1.1,0.7341040462427746,0.7383720930232558,173,Persistence_Baseline,0,NA
Persistence_Baseline__fold0__seedNA,60 min,1.2,0.8446215139442231,0.8446215139442231,251,Persistence_Baseline,0,NA
Raw_LSTM__fold0__seed42,15 min,0.8,0.0,0.0,5,Raw_LSTM,0,42
Raw_LSTM__fold0__seed42,15 min,0.9,0.5806451612903226,0.375,31,Raw_LSTM,0,42
Raw_LSTM__fold0__seed42,15 min,1.0,0.9130434782608695,0.5454545454545454,92,Raw_LSTM,0,42
Raw_LSTM__fold0__seed42,15 min,1.1,0.9651162790697675,0.6974789915966386,172,Raw_LSTM,0,42
Raw_LSTM__fold0__seed42,15 min,1.2,0.9641434262948207,0.8287671232876712,251,Raw_LSTM,0,42
Raw_LSTM__fold0__seed42,30 min,0.8,0.0,0.0,5,Raw_LSTM,0,42
Raw_LSTM__fold0__seed42,30 min,0.9,0.6,0.33962264150943394,30,Raw_LSTM,0,42
Raw_LSTM__fold0__seed42,30 min,1.0,0.9120879120879121,0.5253164556962026,91,Raw_LSTM,0,42
Raw_LSTM__fold0__seed42,30 min,1.1,0.9651162790697675,0.6916666666666667,172,Raw_LSTM,0,42
Raw_LSTM__fold0__seed42,30 min,1.2,0.9601593625498008,0.8169491525423729,251,Raw_LSTM,0,42
Raw_LSTM__fold0__seed42,45 min,0.8,0.0,0.0,5,Raw_LSTM,0,42
Raw_LSTM__fold0__seed42,45 min,0.9,0.3793103448275862,0.3548387096774194,29,Raw_LSTM,0,42
Raw_LSTM__fold0__seed42,45 min,1.0,0.7692307692307693,0.5263157894736842,91,Raw_LSTM,0,42
Raw_LSTM__fold0__seed42,45 min,1.1,0.9534883720930233,0.7130434782608696,172,Raw_LSTM,0,42
Raw_LSTM__fold0__seed42,45 min,1.2,0.9641434262948207,0.8461538461538461,251,Raw_LSTM,0,42
Raw_LSTM__fold0__seed42,60 min,0.8,0.0,0.0,5,Raw_LSTM,0,42
Raw_LSTM__fold0__seed42,60 min,0.9,0.6206896551724138,0.32727272727272727,29,Raw_LSTM,0,42
Raw_LSTM__fold0__seed42,60 min,1.0,0.8461538461538461,0.4935897435897436,91,Raw_LSTM,0,42
Raw_LSTM__fold0__seed42,60 min,1.1,0.9710982658959537,0.6942148760330579,173,Raw_LSTM,0,42
Raw_LSTM__fold0__seed42,60 min,1.2,0.9760956175298805,0.8193979933110368,251,Raw_LSTM,0,42
Raw_GRU__fold0__seed42,15 min,0.8,0.0,0.0,5,Raw_GRU,0,42
Raw_GRU__fold0__seed42,15 min,0.9,0.3225806451612903,0.3225806451612903,31,Raw_GRU,0,42
Raw_GRU__fold0__seed42,15 min,1.0,0.8913043478260869,0.5616438356164384,92,Raw_GRU,0,42
Raw_GRU__fold0__seed42,15 min,1.1,0.936046511627907,0.7123893805309734,172,Raw_GRU,0,42
Raw_GRU__fold0__seed42,15 min,1.2,0.9601593625498008,0.8253424657534246,251,Raw_GRU,0,42
Raw_GRU__fold0__seed42,30 min,0.8,0.0,0.0,5,Raw_GRU,0,42
Raw_GRU__fold0__seed42,30 min,0.9,0.3333333333333333,0.3333333333333333,30,Raw_GRU,0,42
Raw_GRU__fold0__seed42,30 min,1.0,0.8681318681318682,0.5374149659863946,91,Raw_GRU,0,42
Raw_GRU__fold0__seed42,30 min,1.1,0.9534883720930233,0.7068965517241379,172,Raw_GRU,0,42
Raw_GRU__fold0__seed42,30 min,1.2,0.9561752988047809,0.8333333333333334,251,Raw_GRU,0,42
Raw_GRU__fold0__seed42,45 min,0.8,0.0,0.0,5,Raw_GRU,0,42
Raw_GRU__fold0__seed42,45 min,0.9,0.3103448275862069,0.2903225806451613,29,Raw_GRU,0,42
Raw_GRU__fold0__seed42,45 min,1.0,0.8461538461538461,0.5968992248062015,91,Raw_GRU,0,42
Raw_GRU__fold0__seed42,45 min,1.1,0.9302325581395349,0.7207207207207207,172,Raw_GRU,0,42
Raw_GRU__fold0__seed42,45 min,1.2,0.952191235059761,0.8415492957746479,251,Raw_GRU,0,42
Raw_GRU__fold0__seed42,60 min,0.8,0.0,0.0,5,Raw_GRU,0,42
Raw_GRU__fold0__seed42,60 min,0.9,0.4827586206896552,0.4,29,Raw_GRU,0,42
Raw_GRU__fold0__seed42,60 min,1.0,0.7912087912087912,0.5901639344262295,91,Raw_GRU,0,42
Raw_GRU__fold0__seed42,60 min,1.1,0.9364161849710982,0.7232142857142857,173,Raw_GRU,0,42
Raw_GRU__fold0__seed42,60 min,1.2,0.9641434262948207,0.8373702422145328,251,Raw_GRU,0,42
LSTM_Suitability__fold0__seed42,15 min,0.8,0.0,0.0,5,LSTM_Suitability,0,42
LSTM_Suitability__fold0__seed42,15 min,0.9,0.6129032258064516,0.3220338983050847,31,LSTM_Suitability,0,42
LSTM_Suitability__fold0__seed42,15 min,1.0,0.9021739130434783,0.5286624203821656,92,LSTM_Suitability,0,42
LSTM_Suitability__fold0__seed42,15 min,1.1,0.9534883720930233,0.7008547008547008,172,LSTM_Suitability,0,42
LSTM_Suitability__fold0__seed42,15 min,1.2,0.9601593625498008,0.8197278911564626,251,LSTM_Suitability,0,42
LSTM_Suitability__fold0__seed42,30 min,0.8,0.0,0.0,5,LSTM_Suitability,0,42
LSTM_Suitability__fold0__seed42,30 min,0.9,0.6333333333333333,0.3275862068965517,30,LSTM_Suitability,0,42
LSTM_Suitability__fold0__seed42,30 min,1.0,0.8901098901098901,0.5510204081632653,91,LSTM_Suitability,0,42
LSTM_Suitability__fold0__seed42,30 min,1.1,0.9418604651162791,0.7168141592920354,172,LSTM_Suitability,0,42
LSTM_Suitability__fold0__seed42,30 min,1.2,0.9561752988047809,0.8480565371024735,251,LSTM_Suitability,0,42
LSTM_Suitability__fold0__seed42,45 min,0.8,0.0,0.0,5,LSTM_Suitability,0,42
LSTM_Suitability__fold0__seed42,45 min,0.9,0.5862068965517241,0.32075471698113206,29,LSTM_Suitability,0,42
LSTM_Suitability__fold0__seed42,45 min,1.0,0.8351648351648352,0.5671641791044776,91,LSTM_Suitability,0,42
LSTM_Suitability__fold0__seed42,45 min,1.1,0.9418604651162791,0.7232142857142857,172,LSTM_Suitability,0,42
LSTM_Suitability__fold0__seed42,45 min,1.2,0.9402390438247012,0.851985559566787,251,LSTM_Suitability,0,42
LSTM_Suitability__fold0__seed42,60 min,0.8,0.0,0.0,5,LSTM_Suitability,0,42
LSTM_Suitability__fold0__seed42,60 min,0.9,0.5862068965517241,0.3269230769230769,29,LSTM_Suitability,0,42
LSTM_Suitability__fold0__seed42,60 min,1.0,0.8681318681318682,0.5448275862068965,91,LSTM_Suitability,0,42
LSTM_Suitability__fold0__seed42,60 min,1.1,0.953757225433526,0.7268722466960352,173,LSTM_Suitability,0,42
LSTM_Suitability__fold0__seed42,60 min,1.2,0.952191235059761,0.8475177304964538,251,LSTM_Suitability,0,42
LSTM_Excursion__fold0__seed42,15 min,0.8,0.0,0.0,5,LSTM_Excursion,0,42
LSTM_Excursion__fold0__seed42,15 min,0.9,0.6129032258064516,0.2923076923076923,31,LSTM_Excursion,0,42
LSTM_Excursion__fold0__seed42,15 min,1.0,0.9021739130434783,0.5253164556962026,92,LSTM_Excursion,0,42
LSTM_Excursion__fold0__seed42,15 min,1.1,0.9709302325581395,0.698744769874477,172,LSTM_Excursion,0,42
LSTM_Excursion__fold0__seed42,15 min,1.2,0.9681274900398407,0.823728813559322,251,LSTM_Excursion,0,42
LSTM_Excursion__fold0__seed42,30 min,0.8,0.0,0.0,5,LSTM_Excursion,0,42
LSTM_Excursion__fold0__seed42,30 min,0.9,0.6,0.29508196721311475,30,LSTM_Excursion,0,42
LSTM_Excursion__fold0__seed42,30 min,1.0,0.8901098901098901,0.525974025974026,91,LSTM_Excursion,0,42
LSTM_Excursion__fold0__seed42,30 min,1.1,0.9709302325581395,0.7136752136752137,172,LSTM_Excursion,0,42
LSTM_Excursion__fold0__seed42,30 min,1.2,0.9561752988047809,0.8247422680412371,251,LSTM_Excursion,0,42
LSTM_Excursion__fold0__seed42,45 min,0.8,0.0,0.0,5,LSTM_Excursion,0,42
LSTM_Excursion__fold0__seed42,45 min,0.9,0.5517241379310345,0.2857142857142857,29,LSTM_Excursion,0,42
LSTM_Excursion__fold0__seed42,45 min,1.0,0.8351648351648352,0.5547445255474452,91,LSTM_Excursion,0,42
LSTM_Excursion__fold0__seed42,45 min,1.1,0.9418604651162791,0.7330316742081447,172,LSTM_Excursion,0,42
LSTM_Excursion__fold0__seed42,45 min,1.2,0.9482071713147411,0.8530465949820788,251,LSTM_Excursion,0,42
LSTM_Excursion__fold0__seed42,60 min,0.8,0.0,0.0,5,LSTM_Excursion,0,42
LSTM_Excursion__fold0__seed42,60 min,0.9,0.5862068965517241,0.30357142857142855,29,LSTM_Excursion,0,42
LSTM_Excursion__fold0__seed42,60 min,1.0,0.8681318681318682,0.5231788079470199,91,LSTM_Excursion,0,42
LSTM_Excursion__fold0__seed42,60 min,1.1,0.9595375722543352,0.7217391304347827,173,LSTM_Excursion,0,42
LSTM_Excursion__fold0__seed42,60 min,1.2,0.9721115537848606,0.8327645051194539,251,LSTM_Excursion,0,42
LSTM_Stability__fold0__seed42,15 min,0.8,0.2,0.3333333333333333,5,LSTM_Stability,0,42
LSTM_Stability__fold0__seed42,15 min,0.9,0.6129032258064516,0.2923076923076923,31,LSTM_Stability,0,42
LSTM_Stability__fold0__seed42,15 min,1.0,0.9347826086956522,0.5119047619047619,92,LSTM_Stability,0,42
LSTM_Stability__fold0__seed42,15 min,1.1,0.9709302325581395,0.6761133603238867,172,LSTM_Stability,0,42
LSTM_Stability__fold0__seed42,15 min,1.2,0.9681274900398407,0.81,251,LSTM_Stability,0,42
LSTM_Stability__fold0__seed42,30 min,0.8,0.4,0.4,5,LSTM_Stability,0,42
LSTM_Stability__fold0__seed42,30 min,0.9,0.6333333333333333,0.27941176470588236,30,LSTM_Stability,0,42
LSTM_Stability__fold0__seed42,30 min,1.0,0.945054945054945,0.48314606741573035,91,LSTM_Stability,0,42
LSTM_Stability__fold0__seed42,30 min,1.1,0.9825581395348837,0.6814516129032258,172,LSTM_Stability,0,42
LSTM_Stability__fold0__seed42,30 min,1.2,0.9601593625498008,0.8141891891891891,251,LSTM_Stability,0,42
LSTM_Stability__fold0__seed42,45 min,0.8,0.0,0.0,5,LSTM_Stability,0,42
LSTM_Stability__fold0__seed42,45 min,0.9,0.6206896551724138,0.32142857142857145,29,LSTM_Stability,0,42
LSTM_Stability__fold0__seed42,45 min,1.0,0.8351648351648352,0.49673202614379086,91,LSTM_Stability,0,42
LSTM_Stability__fold0__seed42,45 min,1.1,0.9476744186046512,0.7149122807017544,172,LSTM_Stability,0,42
LSTM_Stability__fold0__seed42,45 min,1.2,0.9601593625498008,0.8515901060070671,251,LSTM_Stability,0,42
LSTM_Stability__fold0__seed42,60 min,0.8,0.0,0.0,5,LSTM_Stability,0,42
LSTM_Stability__fold0__seed42,60 min,0.9,0.6206896551724138,0.29508196721311475,29,LSTM_Stability,0,42
LSTM_Stability__fold0__seed42,60 min,1.0,0.8461538461538461,0.48427672955974843,91,LSTM_Stability,0,42
LSTM_Stability__fold0__seed42,60 min,1.1,0.9653179190751445,0.6958333333333333,173,LSTM_Stability,0,42
LSTM_Stability__fold0__seed42,60 min,1.2,0.9760956175298805,0.8333333333333334,251,LSTM_Stability,0,42
Full_Assessment_Guided_LSTM__fold0__seed42,15 min,0.8,0.0,0.0,5,Full_Assessment_Guided_LSTM,0,42
Full_Assessment_Guided_LSTM__fold0__seed42,15 min,0.9,0.5806451612903226,0.2857142857142857,31,Full_Assessment_Guided_LSTM,0,42
Full_Assessment_Guided_LSTM__fold0__seed42,15 min,1.0,0.9021739130434783,0.5533333333333333,92,Full_Assessment_Guided_LSTM,0,42
Full_Assessment_Guided_LSTM__fold0__seed42,15 min,1.1,0.9534883720930233,0.7224669603524229,172,Full_Assessment_Guided_LSTM,0,42
Full_Assessment_Guided_LSTM__fold0__seed42,15 min,1.2,0.9561752988047809,0.8163265306122449,251,Full_Assessment_Guided_LSTM,0,42
Full_Assessment_Guided_LSTM__fold0__seed42,30 min,0.8,0.0,0.0,5,Full_Assessment_Guided_LSTM,0,42
Full_Assessment_Guided_LSTM__fold0__seed42,30 min,0.9,0.6,0.2647058823529412,30,Full_Assessment_Guided_LSTM,0,42
Full_Assessment_Guided_LSTM__fold0__seed42,30 min,1.0,0.9010989010989011,0.5616438356164384,91,Full_Assessment_Guided_LSTM,0,42
Full_Assessment_Guided_LSTM__fold0__seed42,30 min,1.1,0.9651162790697675,0.7094017094017094,172,Full_Assessment_Guided_LSTM,0,42
Full_Assessment_Guided_LSTM__fold0__seed42,30 min,1.2,0.9561752988047809,0.8108108108108109,251,Full_Assessment_Guided_LSTM,0,42
Full_Assessment_Guided_LSTM__fold0__seed42,45 min,0.8,0.0,0.0,5,Full_Assessment_Guided_LSTM,0,42
Full_Assessment_Guided_LSTM__fold0__seed42,45 min,0.9,0.5517241379310345,0.2857142857142857,29,Full_Assessment_Guided_LSTM,0,42
Full_Assessment_Guided_LSTM__fold0__seed42,45 min,1.0,0.8351648351648352,0.5757575757575758,91,Full_Assessment_Guided_LSTM,0,42
Full_Assessment_Guided_LSTM__fold0__seed42,45 min,1.1,0.9476744186046512,0.7244444444444444,172,Full_Assessment_Guided_LSTM,0,42
Full_Assessment_Guided_LSTM__fold0__seed42,45 min,1.2,0.9402390438247012,0.8458781362007168,251,Full_Assessment_Guided_LSTM,0,42
Full_Assessment_Guided_LSTM__fold0__seed42,60 min,0.8,0.0,0.0,5,Full_Assessment_Guided_LSTM,0,42
Full_Assessment_Guided_LSTM__fold0__seed42,60 min,0.9,0.5517241379310345,0.2807017543859649,29,Full_Assessment_Guided_LSTM,0,42
Full_Assessment_Guided_LSTM__fold0__seed42,60 min,1.0,0.8461538461538461,0.5746268656716418,91,Full_Assessment_Guided_LSTM,0,42
Full_Assessment_Guided_LSTM__fold0__seed42,60 min,1.1,0.9653179190751445,0.7136752136752137,173,Full_Assessment_Guided_LSTM,0,42
Full_Assessment_Guided_LSTM__fold0__seed42,60 min,1.2,0.9442231075697212,0.8464285714285714,251,Full_Assessment_Guided_LSTM,0,42
Full_Assessment_GRU__fold0__seed42,15 min,0.8,0.0,0.0,5,Full_Assessment_GRU,0,42
Full_Assessment_GRU__fold0__seed42,15 min,0.9,0.45161290322580644,0.2545454545454545,31,Full_Assessment_GRU,0,42
Full_Assessment_GRU__fold0__seed42,15 min,1.0,0.9021739130434783,0.535483870967742,92,Full_Assessment_GRU,0,42
Full_Assessment_GRU__fold0__seed42,15 min,1.1,0.9593023255813954,0.6932773109243697,172,Full_Assessment_GRU,0,42
Full_Assessment_GRU__fold0__seed42,15 min,1.2,0.9561752988047809,0.8,251,Full_Assessment_GRU,0,42
Full_Assessment_GRU__fold0__seed42,30 min,0.8,0.0,0.0,5,Full_Assessment_GRU,0,42
Full_Assessment_GRU__fold0__seed42,30 min,0.9,0.5,0.2542372881355932,30,Full_Assessment_GRU,0,42
Full_Assessment_GRU__fold0__seed42,30 min,1.0,0.9230769230769231,0.5283018867924528,91,Full_Assessment_GRU,0,42
Full_Assessment_GRU__fold0__seed42,30 min,1.1,0.9709302325581395,0.6653386454183267,172,Full_Assessment_GRU,0,42
Full_Assessment_GRU__fold0__seed42,30 min,1.2,0.9601593625498008,0.8006644518272426,251,Full_Assessment_GRU,0,42
Full_Assessment_GRU__fold0__seed42,45 min,0.8,0.0,0.0,5,Full_Assessment_GRU,0,42
Full_Assessment_GRU__fold0__seed42,45 min,0.9,0.4482758620689655,0.2549019607843137,29,Full_Assessment_GRU,0,42
Full_Assessment_GRU__fold0__seed42,45 min,1.0,0.8351648351648352,0.5846153846153846,91,Full_Assessment_GRU,0,42
Full_Assessment_GRU__fold0__seed42,45 min,1.1,0.9244186046511628,0.7327188940092166,172,Full_Assessment_GRU,0,42
Full_Assessment_GRU__fold0__seed42,45 min,1.2,0.9442231075697212,0.8345070422535211,251,Full_Assessment_GRU,0,42
Full_Assessment_GRU__fold0__seed42,60 min,0.8,0.0,0.0,5,Full_Assessment_GRU,0,42
Full_Assessment_GRU__fold0__seed42,60 min,0.9,0.4482758620689655,0.28888888888888886,29,Full_Assessment_GRU,0,42
Full_Assessment_GRU__fold0__seed42,60 min,1.0,0.8131868131868132,0.5873015873015873,91,Full_Assessment_GRU,0,42
Full_Assessment_GRU__fold0__seed42,60 min,1.1,0.9421965317919075,0.7375565610859729,173,Full_Assessment_GRU,0,42
Full_Assessment_GRU__fold0__seed42,60 min,1.2,0.9442231075697212,0.8374558303886925,251,Full_Assessment_GRU,0,42
GRU_NBeats_lite__fold0__seed42,15 min,0.8,0.2,0.06666666666666667,5,GRU_NBeats_lite,0,42
GRU_NBeats_lite__fold0__seed42,15 min,0.9,0.7741935483870968,0.2727272727272727,31,GRU_NBeats_lite,0,42
GRU_NBeats_lite__fold0__seed42,15 min,1.0,0.9347826086956522,0.4075829383886256,92,GRU_NBeats_lite,0,42
GRU_NBeats_lite__fold0__seed42,15 min,1.1,0.9767441860465116,0.5936395759717314,172,GRU_NBeats_lite,0,42
GRU_NBeats_lite__fold0__seed42,15 min,1.2,0.9840637450199203,0.6861111111111111,251,GRU_NBeats_lite,0,42
GRU_NBeats_lite__fold0__seed42,30 min,0.8,0.2,0.027777777777777776,5,GRU_NBeats_lite,0,42
GRU_NBeats_lite__fold0__seed42,30 min,0.9,0.8333333333333334,0.1773049645390071,30,GRU_NBeats_lite,0,42
GRU_NBeats_lite__fold0__seed42,30 min,1.0,0.967032967032967,0.3876651982378855,91,GRU_NBeats_lite,0,42
GRU_NBeats_lite__fold0__seed42,30 min,1.1,0.9941860465116279,0.6063829787234043,172,GRU_NBeats_lite,0,42
GRU_NBeats_lite__fold0__seed42,30 min,1.2,0.9800796812749004,0.7522935779816514,251,GRU_NBeats_lite,0,42
GRU_NBeats_lite__fold0__seed42,45 min,0.8,0.4,0.07407407407407407,5,GRU_NBeats_lite,0,42
GRU_NBeats_lite__fold0__seed42,45 min,0.9,0.7241379310344828,0.18421052631578946,29,GRU_NBeats_lite,0,42
GRU_NBeats_lite__fold0__seed42,45 min,1.0,0.967032967032967,0.4131455399061033,91,GRU_NBeats_lite,0,42
GRU_NBeats_lite__fold0__seed42,45 min,1.1,0.9941860465116279,0.6309963099630996,172,GRU_NBeats_lite,0,42
GRU_NBeats_lite__fold0__seed42,45 min,1.2,0.9880478087649402,0.7402985074626866,251,GRU_NBeats_lite,0,42
GRU_NBeats_lite__fold0__seed42,60 min,0.8,0.4,0.06060606060606061,5,GRU_NBeats_lite,0,42
GRU_NBeats_lite__fold0__seed42,60 min,0.9,0.7931034482758621,0.18110236220472442,29,GRU_NBeats_lite,0,42
GRU_NBeats_lite__fold0__seed42,60 min,1.0,0.9120879120879121,0.43455497382198954,91,GRU_NBeats_lite,0,42
GRU_NBeats_lite__fold0__seed42,60 min,1.1,0.976878612716763,0.6653543307086615,173,GRU_NBeats_lite,0,42
GRU_NBeats_lite__fold0__seed42,60 min,1.2,0.9760956175298805,0.7802547770700637,251,GRU_NBeats_lite,0,42
CNN_GRU_Attention__fold0__seed42,15 min,0.8,0.0,0.0,5,CNN_GRU_Attention,0,42
CNN_GRU_Attention__fold0__seed42,15 min,0.9,0.5161290322580645,0.21621621621621623,31,CNN_GRU_Attention,0,42
CNN_GRU_Attention__fold0__seed42,15 min,1.0,0.8804347826086957,0.47368421052631576,92,CNN_GRU_Attention,0,42
CNN_GRU_Attention__fold0__seed42,15 min,1.1,0.9651162790697675,0.6831275720164609,172,CNN_GRU_Attention,0,42
CNN_GRU_Attention__fold0__seed42,15 min,1.2,0.9800796812749004,0.7935483870967742,251,CNN_GRU_Attention,0,42
CNN_GRU_Attention__fold0__seed42,30 min,0.8,0.0,0.0,5,CNN_GRU_Attention,0,42
CNN_GRU_Attention__fold0__seed42,30 min,0.9,0.5666666666666667,0.19540229885057472,30,CNN_GRU_Attention,0,42
CNN_GRU_Attention__fold0__seed42,30 min,1.0,0.9120879120879121,0.4742857142857143,91,CNN_GRU_Attention,0,42
CNN_GRU_Attention__fold0__seed42,30 min,1.1,0.9709302325581395,0.6900826446280992,172,CNN_GRU_Attention,0,42
CNN_GRU_Attention__fold0__seed42,30 min,1.2,0.9721115537848606,0.7922077922077922,251,CNN_GRU_Attention,0,42
CNN_GRU_Attention__fold0__seed42,45 min,0.8,0.2,0.047619047619047616,5,CNN_GRU_Attention,0,42
CNN_GRU_Attention__fold0__seed42,45 min,0.9,0.5172413793103449,0.2054794520547945,29,CNN_GRU_Attention,0,42
CNN_GRU_Attention__fold0__seed42,45 min,1.0,0.9010989010989011,0.5,91,CNN_GRU_Attention,0,42
CNN_GRU_Attention__fold0__seed42,45 min,1.1,0.9651162790697675,0.7063829787234043,172,CNN_GRU_Attention,0,42
CNN_GRU_Attention__fold0__seed42,45 min,1.2,0.9681274900398407,0.801980198019802,251,CNN_GRU_Attention,0,42
CNN_GRU_Attention__fold0__seed42,60 min,0.8,0.2,0.037037037037037035,5,CNN_GRU_Attention,0,42
CNN_GRU_Attention__fold0__seed42,60 min,0.9,0.6896551724137931,0.21739130434782608,29,CNN_GRU_Attention,0,42
CNN_GRU_Attention__fold0__seed42,60 min,1.0,0.9230769230769231,0.48554913294797686,91,CNN_GRU_Attention,0,42
CNN_GRU_Attention__fold0__seed42,60 min,1.1,0.9710982658959537,0.6942148760330579,173,CNN_GRU_Attention,0,42
CNN_GRU_Attention__fold0__seed42,60 min,1.2,0.9760956175298805,0.7903225806451613,251,CNN_GRU_Attention,0,42
